algo,p1,p2,mean_run,p3,upper_bound,itiration,real_cost
dsa0.6,0.2,1.0,1,0.0,5,0,12588
dsa0.6,0.2,1.0,1,0.0,5,1,10551
dsa0.6,0.2,1.0,1,0.0,5,2,9913
dsa0.6,0.2,1.0,1,0.0,5,3,9086
dsa0.6,0.2,1.0,1,0.0,5,4,8778
dsa0.6,0.2,1.0,1,0.0,5,5,8153
dsa0.6,0.2,1.0,1,0.0,5,6,7696
dsa0.6,0.2,1.0,1,0.0,5,7,7524
dsa0.6,0.2,1.0,1,0.0,5,8,7400
dsa0.6,0.2,1.0,1,0.0,5,9,7381
dsa0.6,0.2,1.0,1,0.0,5,10,7352
dsa0.6,0.2,1.0,1,0.0,5,11,7352
dsa0.6,0.2,1.0,1,0.0,5,12,7361
dsa0.6,0.2,1.0,1,0.0,5,13,7337
dsa0.6,0.2,1.0,1,0.0,5,14,7335
dsa0.6,0.2,1.0,1,0.0,5,15,7335
dsa0.6,0.2,1.0,1,0.0,5,16,7335
dsa0.6,0.2,1.0,1,0.0,5,17,7335
dsa0.6,0.2,1.0,1,0.0,5,18,7335
dsa0.6,0.2,1.0,1,0.0,5,19,7335
dsa0.6,0.2,1.0,1,0.0,5,20,7335
dsa0.6,0.2,1.0,1,0.0,5,21,7335
dsa0.6,0.2,1.0,1,0.0,5,22,7335
dsa0.6,0.2,1.0,1,0.0,5,23,7335
dsa0.6,0.2,1.0,1,0.0,5,24,7335
dsa0.6,0.2,1.0,1,0.0,5,25,7335
dsa0.6,0.2,1.0,1,0.0,5,26,7335
dsa0.6,0.2,1.0,1,0.0,5,27,7335
dsa0.6,0.2,1.0,1,0.0,5,28,7335
dsa0.6,0.2,1.0,1,0.0,5,29,7335
dsa0.6,0.2,1.0,1,0.0,5,30,7335
dsa0.6,0.2,1.0,1,0.0,5,31,7335
dsa0.6,0.2,1.0,1,0.0,5,32,7335
dsa0.6,0.2,1.0,1,0.0,5,33,7335
dsa0.6,0.2,1.0,1,0.0,5,34,7335
dsa0.6,0.2,1.0,1,0.0,5,35,7335
dsa0.6,0.2,1.0,1,0.0,5,36,7335
dsa0.6,0.2,1.0,1,0.0,5,37,7335
dsa0.6,0.2,1.0,1,0.0,5,38,7335
dsa0.6,0.2,1.0,1,0.0,5,39,7335
dsa0.6,0.2,1.0,1,0.0,5,40,7335
dsa0.6,0.2,1.0,1,0.0,5,41,7335
dsa0.6,0.2,1.0,1,0.0,5,42,7335
dsa0.6,0.2,1.0,1,0.0,5,43,7335
dsa0.6,0.2,1.0,1,0.0,5,44,7335
dsa0.6,0.2,1.0,1,0.0,5,45,7335
dsa0.6,0.2,1.0,1,0.0,5,46,7335
dsa0.6,0.2,1.0,1,0.0,5,47,7335
dsa0.6,0.2,1.0,1,0.0,5,48,7335
dsa0.6,0.2,1.0,1,0.0,5,49,7335
dsa0.6,0.2,1.0,1,0.0,5,50,7335
dsa0.6,0.2,1.0,1,0.0,5,51,7335
dsa0.6,0.2,1.0,1,0.0,5,52,7335
dsa0.6,0.2,1.0,1,0.0,5,53,7335
dsa0.6,0.2,1.0,1,0.0,5,54,7335
dsa0.6,0.2,1.0,1,0.0,5,55,7335
dsa0.6,0.2,1.0,1,0.0,5,56,7335
dsa0.6,0.2,1.0,1,0.0,5,57,7335
dsa0.6,0.2,1.0,1,0.0,5,58,7335
dsa0.6,0.2,1.0,1,0.0,5,59,7335
dsa0.6,0.2,1.0,1,0.0,5,60,7335
dsa0.6,0.2,1.0,1,0.0,5,61,7335
dsa0.6,0.2,1.0,1,0.0,5,62,7335
dsa0.6,0.2,1.0,1,0.0,5,63,7335
dsa0.6,0.2,1.0,1,0.0,5,64,7335
dsa0.6,0.2,1.0,1,0.0,5,65,7335
dsa0.6,0.2,1.0,1,0.0,5,66,7335
dsa0.6,0.2,1.0,1,0.0,5,67,7335
dsa0.6,0.2,1.0,1,0.0,5,68,7335
dsa0.6,0.2,1.0,1,0.0,5,69,7335
dsa0.6,0.2,1.0,1,0.0,5,70,7335
dsa0.6,0.2,1.0,1,0.0,5,71,7335
dsa0.6,0.2,1.0,1,0.0,5,72,7335
dsa0.6,0.2,1.0,1,0.0,5,73,7335
dsa0.6,0.2,1.0,1,0.0,5,74,7335
dsa0.6,0.2,1.0,1,0.0,5,75,7335
dsa0.6,0.2,1.0,1,0.0,5,76,7335
dsa0.6,0.2,1.0,1,0.0,5,77,7335
dsa0.6,0.2,1.0,1,0.0,5,78,7335
dsa0.6,0.2,1.0,1,0.0,5,79,7335
dsa0.6,0.2,1.0,1,0.0,5,80,7335
dsa0.6,0.2,1.0,1,0.0,5,81,7335
dsa0.6,0.2,1.0,1,0.0,5,82,7335
dsa0.6,0.2,1.0,1,0.0,5,83,7335
dsa0.6,0.2,1.0,1,0.0,5,84,7335
dsa0.6,0.2,1.0,1,0.0,5,85,7335
dsa0.6,0.2,1.0,1,0.0,5,86,7335
dsa0.6,0.2,1.0,1,0.0,5,87,7335
dsa0.6,0.2,1.0,1,0.0,5,88,7335
dsa0.6,0.2,1.0,1,0.0,5,89,7335
dsa0.6,0.2,1.0,1,0.0,5,90,7335
dsa0.6,0.2,1.0,1,0.0,5,91,7335
dsa0.6,0.2,1.0,1,0.0,5,92,7335
dsa0.6,0.2,1.0,1,0.0,5,93,7335
dsa0.6,0.2,1.0,1,0.0,5,94,7335
dsa0.6,0.2,1.0,1,0.0,5,95,7335
dsa0.6,0.2,1.0,1,0.0,5,96,7335
dsa0.6,0.2,1.0,1,0.0,5,97,7335
dsa0.6,0.2,1.0,1,0.0,5,98,7335
dsa0.6,0.2,1.0,1,0.0,5,99,7335
dsa0.6,0.2,1.0,1,0.0,5,100,7335
dsa0.6,0.2,1.0,1,0.0,5,101,7335
dsa0.6,0.2,1.0,1,0.0,5,102,7335
dsa0.6,0.2,1.0,1,0.0,5,103,7335
dsa0.6,0.2,1.0,1,0.0,5,104,7335
dsa0.6,0.2,1.0,1,0.0,5,105,7335
dsa0.6,0.2,1.0,1,0.0,5,106,7335
dsa0.6,0.2,1.0,1,0.0,5,107,7335
dsa0.6,0.2,1.0,1,0.0,5,108,7335
dsa0.6,0.2,1.0,1,0.0,5,109,7335
dsa0.6,0.2,1.0,1,0.0,5,110,7335
dsa0.6,0.2,1.0,1,0.0,5,111,7335
dsa0.6,0.2,1.0,1,0.0,5,112,7335
dsa0.6,0.2,1.0,1,0.0,5,113,7335
dsa0.6,0.2,1.0,1,0.0,5,114,7335
dsa0.6,0.2,1.0,1,0.0,5,115,7335
dsa0.6,0.2,1.0,1,0.0,5,116,7335
dsa0.6,0.2,1.0,1,0.0,5,117,7335
dsa0.6,0.2,1.0,1,0.0,5,118,7335
dsa0.6,0.2,1.0,1,0.0,5,119,7335
dsa0.6,0.2,1.0,1,0.0,5,120,7335
dsa0.6,0.2,1.0,1,0.0,5,121,7335
dsa0.6,0.2,1.0,1,0.0,5,122,7335
dsa0.6,0.2,1.0,1,0.0,5,123,7335
dsa0.6,0.2,1.0,1,0.0,5,124,7335
dsa0.6,0.2,1.0,1,0.0,5,125,7335
dsa0.6,0.2,1.0,1,0.0,5,126,7335
dsa0.6,0.2,1.0,1,0.0,5,127,7335
dsa0.6,0.2,1.0,1,0.0,5,128,7335
dsa0.6,0.2,1.0,1,0.0,5,129,7335
dsa0.6,0.2,1.0,1,0.0,5,130,7335
dsa0.6,0.2,1.0,1,0.0,5,131,7335
dsa0.6,0.2,1.0,1,0.0,5,132,7335
dsa0.6,0.2,1.0,1,0.0,5,133,7335
dsa0.6,0.2,1.0,1,0.0,5,134,7335
dsa0.6,0.2,1.0,1,0.0,5,135,7335
dsa0.6,0.2,1.0,1,0.0,5,136,7335
dsa0.6,0.2,1.0,1,0.0,5,137,7335
dsa0.6,0.2,1.0,1,0.0,5,138,7335
dsa0.6,0.2,1.0,1,0.0,5,139,7335
dsa0.6,0.2,1.0,1,0.0,5,140,7335
dsa0.6,0.2,1.0,1,0.0,5,141,7335
dsa0.6,0.2,1.0,1,0.0,5,142,7335
dsa0.6,0.2,1.0,1,0.0,5,143,7335
dsa0.6,0.2,1.0,1,0.0,5,144,7335
dsa0.6,0.2,1.0,1,0.0,5,145,7335
dsa0.6,0.2,1.0,1,0.0,5,146,7335
dsa0.6,0.2,1.0,1,0.0,5,147,7335
dsa0.6,0.2,1.0,1,0.0,5,148,7335
dsa0.6,0.2,1.0,1,0.0,5,149,7335
dsa0.6,0.2,1.0,1,0.0,5,150,7335
dsa0.6,0.2,1.0,1,0.0,5,151,7335
dsa0.6,0.2,1.0,1,0.0,5,152,7335
dsa0.6,0.2,1.0,1,0.0,5,153,7335
dsa0.6,0.2,1.0,1,0.0,5,154,7335
dsa0.6,0.2,1.0,1,0.0,5,155,7335
dsa0.6,0.2,1.0,1,0.0,5,156,7335
dsa0.6,0.2,1.0,1,0.0,5,157,7335
dsa0.6,0.2,1.0,1,0.0,5,158,7335
dsa0.6,0.2,1.0,1,0.0,5,159,7335
dsa0.6,0.2,1.0,1,0.0,5,160,7335
dsa0.6,0.2,1.0,1,0.0,5,161,7335
dsa0.6,0.2,1.0,1,0.0,5,162,7335
dsa0.6,0.2,1.0,1,0.0,5,163,7335
dsa0.6,0.2,1.0,1,0.0,5,164,7335
dsa0.6,0.2,1.0,1,0.0,5,165,7335
dsa0.6,0.2,1.0,1,0.0,5,166,7335
dsa0.6,0.2,1.0,1,0.0,5,167,7335
dsa0.6,0.2,1.0,1,0.0,5,168,7335
dsa0.6,0.2,1.0,1,0.0,5,169,7335
dsa0.6,0.2,1.0,1,0.0,5,170,7335
dsa0.6,0.2,1.0,1,0.0,5,171,7335
dsa0.6,0.2,1.0,1,0.0,5,172,7335
dsa0.6,0.2,1.0,1,0.0,5,173,7335
dsa0.6,0.2,1.0,1,0.0,5,174,7335
dsa0.6,0.2,1.0,1,0.0,5,175,7335
dsa0.6,0.2,1.0,1,0.0,5,176,7335
dsa0.6,0.2,1.0,1,0.0,5,177,7335
dsa0.6,0.2,1.0,1,0.0,5,178,7335
dsa0.6,0.2,1.0,1,0.0,5,179,7335
dsa0.6,0.2,1.0,1,0.0,5,180,7335
dsa0.6,0.2,1.0,1,0.0,5,181,7335
dsa0.6,0.2,1.0,1,0.0,5,182,7335
dsa0.6,0.2,1.0,1,0.0,5,183,7335
dsa0.6,0.2,1.0,1,0.0,5,184,7335
dsa0.6,0.2,1.0,1,0.0,5,185,7335
dsa0.6,0.2,1.0,1,0.0,5,186,7335
dsa0.6,0.2,1.0,1,0.0,5,187,7335
dsa0.6,0.2,1.0,1,0.0,5,188,7335
dsa0.6,0.2,1.0,1,0.0,5,189,7335
dsa0.6,0.2,1.0,1,0.0,5,190,7335
dsa0.6,0.2,1.0,1,0.0,5,191,7335
dsa0.6,0.2,1.0,1,0.0,5,192,7335
dsa0.6,0.2,1.0,1,0.0,5,193,7335
dsa0.6,0.2,1.0,1,0.0,5,194,7335
dsa0.6,0.2,1.0,1,0.0,5,195,7335
dsa0.6,0.2,1.0,1,0.0,5,196,7335
dsa0.6,0.2,1.0,1,0.0,5,197,7335
dsa0.6,0.2,1.0,1,0.0,5,198,7335
dsa0.6,0.2,1.0,1,0.0,5,199,7335
dsa0.6,0.2,1.0,1,0.5,5,0,12588
dsa0.6,0.2,1.0,1,0.5,5,1,10928
dsa0.6,0.2,1.0,1,0.5,5,2,11021
dsa0.6,0.2,1.0,1,0.5,5,3,10662
dsa0.6,0.2,1.0,1,0.5,5,4,10018
dsa0.6,0.2,1.0,1,0.5,5,5,9726
dsa0.6,0.2,1.0,1,0.5,5,6,9939
dsa0.6,0.2,1.0,1,0.5,5,7,9803
dsa0.6,0.2,1.0,1,0.5,5,8,9251
dsa0.6,0.2,1.0,1,0.5,5,9,9159
dsa0.6,0.2,1.0,1,0.5,5,10,8836
dsa0.6,0.2,1.0,1,0.5,5,11,8749
dsa0.6,0.2,1.0,1,0.5,5,12,8723
dsa0.6,0.2,1.0,1,0.5,5,13,8614
dsa0.6,0.2,1.0,1,0.5,5,14,8296
dsa0.6,0.2,1.0,1,0.5,5,15,8392
dsa0.6,0.2,1.0,1,0.5,5,16,8158
dsa0.6,0.2,1.0,1,0.5,5,17,8289
dsa0.6,0.2,1.0,1,0.5,5,18,7484
dsa0.6,0.2,1.0,1,0.5,5,19,7240
dsa0.6,0.2,1.0,1,0.5,5,20,7252
dsa0.6,0.2,1.0,1,0.5,5,21,7288
dsa0.6,0.2,1.0,1,0.5,5,22,7149
dsa0.6,0.2,1.0,1,0.5,5,23,7372
dsa0.6,0.2,1.0,1,0.5,5,24,7091
dsa0.6,0.2,1.0,1,0.5,5,25,7232
dsa0.6,0.2,1.0,1,0.5,5,26,7168
dsa0.6,0.2,1.0,1,0.5,5,27,7016
dsa0.6,0.2,1.0,1,0.5,5,28,6979
dsa0.6,0.2,1.0,1,0.5,5,29,6935
dsa0.6,0.2,1.0,1,0.5,5,30,6965
dsa0.6,0.2,1.0,1,0.5,5,31,6786
dsa0.6,0.2,1.0,1,0.5,5,32,6797
dsa0.6,0.2,1.0,1,0.5,5,33,6989
dsa0.6,0.2,1.0,1,0.5,5,34,6887
dsa0.6,0.2,1.0,1,0.5,5,35,6887
dsa0.6,0.2,1.0,1,0.5,5,36,6816
dsa0.6,0.2,1.0,1,0.5,5,37,6816
dsa0.6,0.2,1.0,1,0.5,5,38,6848
dsa0.6,0.2,1.0,1,0.5,5,39,6739
dsa0.6,0.2,1.0,1,0.5,5,40,6774
dsa0.6,0.2,1.0,1,0.5,5,41,6739
dsa0.6,0.2,1.0,1,0.5,5,42,6785
dsa0.6,0.2,1.0,1,0.5,5,43,6856
dsa0.6,0.2,1.0,1,0.5,5,44,6759
dsa0.6,0.2,1.0,1,0.5,5,45,6759
dsa0.6,0.2,1.0,1,0.5,5,46,6868
dsa0.6,0.2,1.0,1,0.5,5,47,6704
dsa0.6,0.2,1.0,1,0.5,5,48,6704
dsa0.6,0.2,1.0,1,0.5,5,49,6685
dsa0.6,0.2,1.0,1,0.5,5,50,6685
dsa0.6,0.2,1.0,1,0.5,5,51,6685
dsa0.6,0.2,1.0,1,0.5,5,52,6619
dsa0.6,0.2,1.0,1,0.5,5,53,6619
dsa0.6,0.2,1.0,1,0.5,5,54,6619
dsa0.6,0.2,1.0,1,0.5,5,55,6619
dsa0.6,0.2,1.0,1,0.5,5,56,6619
dsa0.6,0.2,1.0,1,0.5,5,57,6619
dsa0.6,0.2,1.0,1,0.5,5,58,6619
dsa0.6,0.2,1.0,1,0.5,5,59,6619
dsa0.6,0.2,1.0,1,0.5,5,60,6619
dsa0.6,0.2,1.0,1,0.5,5,61,6619
dsa0.6,0.2,1.0,1,0.5,5,62,6619
dsa0.6,0.2,1.0,1,0.5,5,63,6619
dsa0.6,0.2,1.0,1,0.5,5,64,6619
dsa0.6,0.2,1.0,1,0.5,5,65,6619
dsa0.6,0.2,1.0,1,0.5,5,66,6619
dsa0.6,0.2,1.0,1,0.5,5,67,6619
dsa0.6,0.2,1.0,1,0.5,5,68,6619
dsa0.6,0.2,1.0,1,0.5,5,69,6619
dsa0.6,0.2,1.0,1,0.5,5,70,6619
dsa0.6,0.2,1.0,1,0.5,5,71,6619
dsa0.6,0.2,1.0,1,0.5,5,72,6619
dsa0.6,0.2,1.0,1,0.5,5,73,6619
dsa0.6,0.2,1.0,1,0.5,5,74,6619
dsa0.6,0.2,1.0,1,0.5,5,75,6619
dsa0.6,0.2,1.0,1,0.5,5,76,6619
dsa0.6,0.2,1.0,1,0.5,5,77,6619
dsa0.6,0.2,1.0,1,0.5,5,78,6619
dsa0.6,0.2,1.0,1,0.5,5,79,6619
dsa0.6,0.2,1.0,1,0.5,5,80,6619
dsa0.6,0.2,1.0,1,0.5,5,81,6619
dsa0.6,0.2,1.0,1,0.5,5,82,6619
dsa0.6,0.2,1.0,1,0.5,5,83,6619
dsa0.6,0.2,1.0,1,0.5,5,84,6619
dsa0.6,0.2,1.0,1,0.5,5,85,6619
dsa0.6,0.2,1.0,1,0.5,5,86,6619
dsa0.6,0.2,1.0,1,0.5,5,87,6619
dsa0.6,0.2,1.0,1,0.5,5,88,6619
dsa0.6,0.2,1.0,1,0.5,5,89,6619
dsa0.6,0.2,1.0,1,0.5,5,90,6619
dsa0.6,0.2,1.0,1,0.5,5,91,6619
dsa0.6,0.2,1.0,1,0.5,5,92,6619
dsa0.6,0.2,1.0,1,0.5,5,93,6619
dsa0.6,0.2,1.0,1,0.5,5,94,6619
dsa0.6,0.2,1.0,1,0.5,5,95,6619
dsa0.6,0.2,1.0,1,0.5,5,96,6619
dsa0.6,0.2,1.0,1,0.5,5,97,6619
dsa0.6,0.2,1.0,1,0.5,5,98,6619
dsa0.6,0.2,1.0,1,0.5,5,99,6619
dsa0.6,0.2,1.0,1,0.5,5,100,6619
dsa0.6,0.2,1.0,1,0.5,5,101,6619
dsa0.6,0.2,1.0,1,0.5,5,102,6619
dsa0.6,0.2,1.0,1,0.5,5,103,6619
dsa0.6,0.2,1.0,1,0.5,5,104,6619
dsa0.6,0.2,1.0,1,0.5,5,105,6619
dsa0.6,0.2,1.0,1,0.5,5,106,6619
dsa0.6,0.2,1.0,1,0.5,5,107,6619
dsa0.6,0.2,1.0,1,0.5,5,108,6619
dsa0.6,0.2,1.0,1,0.5,5,109,6619
dsa0.6,0.2,1.0,1,0.5,5,110,6619
dsa0.6,0.2,1.0,1,0.5,5,111,6619
dsa0.6,0.2,1.0,1,0.5,5,112,6619
dsa0.6,0.2,1.0,1,0.5,5,113,6619
dsa0.6,0.2,1.0,1,0.5,5,114,6619
dsa0.6,0.2,1.0,1,0.5,5,115,6619
dsa0.6,0.2,1.0,1,0.5,5,116,6619
dsa0.6,0.2,1.0,1,0.5,5,117,6619
dsa0.6,0.2,1.0,1,0.5,5,118,6619
dsa0.6,0.2,1.0,1,0.5,5,119,6619
dsa0.6,0.2,1.0,1,0.5,5,120,6619
dsa0.6,0.2,1.0,1,0.5,5,121,6619
dsa0.6,0.2,1.0,1,0.5,5,122,6619
dsa0.6,0.2,1.0,1,0.5,5,123,6619
dsa0.6,0.2,1.0,1,0.5,5,124,6619
dsa0.6,0.2,1.0,1,0.5,5,125,6619
dsa0.6,0.2,1.0,1,0.5,5,126,6619
dsa0.6,0.2,1.0,1,0.5,5,127,6619
dsa0.6,0.2,1.0,1,0.5,5,128,6619
dsa0.6,0.2,1.0,1,0.5,5,129,6619
dsa0.6,0.2,1.0,1,0.5,5,130,6619
dsa0.6,0.2,1.0,1,0.5,5,131,6619
dsa0.6,0.2,1.0,1,0.5,5,132,6619
dsa0.6,0.2,1.0,1,0.5,5,133,6619
dsa0.6,0.2,1.0,1,0.5,5,134,6619
dsa0.6,0.2,1.0,1,0.5,5,135,6619
dsa0.6,0.2,1.0,1,0.5,5,136,6619
dsa0.6,0.2,1.0,1,0.5,5,137,6619
dsa0.6,0.2,1.0,1,0.5,5,138,6619
dsa0.6,0.2,1.0,1,0.5,5,139,6619
dsa0.6,0.2,1.0,1,0.5,5,140,6619
dsa0.6,0.2,1.0,1,0.5,5,141,6619
dsa0.6,0.2,1.0,1,0.5,5,142,6619
dsa0.6,0.2,1.0,1,0.5,5,143,6619
dsa0.6,0.2,1.0,1,0.5,5,144,6619
dsa0.6,0.2,1.0,1,0.5,5,145,6619
dsa0.6,0.2,1.0,1,0.5,5,146,6619
dsa0.6,0.2,1.0,1,0.5,5,147,6619
dsa0.6,0.2,1.0,1,0.5,5,148,6619
dsa0.6,0.2,1.0,1,0.5,5,149,6619
dsa0.6,0.2,1.0,1,0.5,5,150,6619
dsa0.6,0.2,1.0,1,0.5,5,151,6619
dsa0.6,0.2,1.0,1,0.5,5,152,6619
dsa0.6,0.2,1.0,1,0.5,5,153,6619
dsa0.6,0.2,1.0,1,0.5,5,154,6619
dsa0.6,0.2,1.0,1,0.5,5,155,6619
dsa0.6,0.2,1.0,1,0.5,5,156,6619
dsa0.6,0.2,1.0,1,0.5,5,157,6619
dsa0.6,0.2,1.0,1,0.5,5,158,6619
dsa0.6,0.2,1.0,1,0.5,5,159,6619
dsa0.6,0.2,1.0,1,0.5,5,160,6619
dsa0.6,0.2,1.0,1,0.5,5,161,6619
dsa0.6,0.2,1.0,1,0.5,5,162,6619
dsa0.6,0.2,1.0,1,0.5,5,163,6619
dsa0.6,0.2,1.0,1,0.5,5,164,6619
dsa0.6,0.2,1.0,1,0.5,5,165,6619
dsa0.6,0.2,1.0,1,0.5,5,166,6619
dsa0.6,0.2,1.0,1,0.5,5,167,6619
dsa0.6,0.2,1.0,1,0.5,5,168,6619
dsa0.6,0.2,1.0,1,0.5,5,169,6619
dsa0.6,0.2,1.0,1,0.5,5,170,6619
dsa0.6,0.2,1.0,1,0.5,5,171,6619
dsa0.6,0.2,1.0,1,0.5,5,172,6619
dsa0.6,0.2,1.0,1,0.5,5,173,6619
dsa0.6,0.2,1.0,1,0.5,5,174,6619
dsa0.6,0.2,1.0,1,0.5,5,175,6619
dsa0.6,0.2,1.0,1,0.5,5,176,6619
dsa0.6,0.2,1.0,1,0.5,5,177,6619
dsa0.6,0.2,1.0,1,0.5,5,178,6619
dsa0.6,0.2,1.0,1,0.5,5,179,6619
dsa0.6,0.2,1.0,1,0.5,5,180,6619
dsa0.6,0.2,1.0,1,0.5,5,181,6619
dsa0.6,0.2,1.0,1,0.5,5,182,6619
dsa0.6,0.2,1.0,1,0.5,5,183,6619
dsa0.6,0.2,1.0,1,0.5,5,184,6619
dsa0.6,0.2,1.0,1,0.5,5,185,6619
dsa0.6,0.2,1.0,1,0.5,5,186,6619
dsa0.6,0.2,1.0,1,0.5,5,187,6619
dsa0.6,0.2,1.0,1,0.5,5,188,6619
dsa0.6,0.2,1.0,1,0.5,5,189,6619
dsa0.6,0.2,1.0,1,0.5,5,190,6619
dsa0.6,0.2,1.0,1,0.5,5,191,6619
dsa0.6,0.2,1.0,1,0.5,5,192,6619
dsa0.6,0.2,1.0,1,0.5,5,193,6619
dsa0.6,0.2,1.0,1,0.5,5,194,6619
dsa0.6,0.2,1.0,1,0.5,5,195,6619
dsa0.6,0.2,1.0,1,0.5,5,196,6619
dsa0.6,0.2,1.0,1,0.5,5,197,6619
dsa0.6,0.2,1.0,1,0.5,5,198,6619
dsa0.6,0.2,1.0,1,0.5,5,199,6619
dsa0.6,0.2,1.0,1,0.5,10,0,12588
dsa0.6,0.2,1.0,1,0.5,10,1,10586
dsa0.6,0.2,1.0,1,0.5,10,2,10104
dsa0.6,0.2,1.0,1,0.5,10,3,9175
dsa0.6,0.2,1.0,1,0.5,10,4,9651
dsa0.6,0.2,1.0,1,0.5,10,5,9609
dsa0.6,0.2,1.0,1,0.5,10,6,9253
dsa0.6,0.2,1.0,1,0.5,10,7,9008
dsa0.6,0.2,1.0,1,0.5,10,8,8757
dsa0.6,0.2,1.0,1,0.5,10,9,8297
dsa0.6,0.2,1.0,1,0.5,10,10,8140
dsa0.6,0.2,1.0,1,0.5,10,11,7615
dsa0.6,0.2,1.0,1,0.5,10,12,8001
dsa0.6,0.2,1.0,1,0.5,10,13,7842
dsa0.6,0.2,1.0,1,0.5,10,14,7330
dsa0.6,0.2,1.0,1,0.5,10,15,7807
dsa0.6,0.2,1.0,1,0.5,10,16,7625
dsa0.6,0.2,1.0,1,0.5,10,17,7458
dsa0.6,0.2,1.0,1,0.5,10,18,7458
dsa0.6,0.2,1.0,1,0.5,10,19,7304
dsa0.6,0.2,1.0,1,0.5,10,20,7259
dsa0.6,0.2,1.0,1,0.5,10,21,6966
dsa0.6,0.2,1.0,1,0.5,10,22,6922
dsa0.6,0.2,1.0,1,0.5,10,23,6869
dsa0.6,0.2,1.0,1,0.5,10,24,7077
dsa0.6,0.2,1.0,1,0.5,10,25,7073
dsa0.6,0.2,1.0,1,0.5,10,26,7115
dsa0.6,0.2,1.0,1,0.5,10,27,7065
dsa0.6,0.2,1.0,1,0.5,10,28,7120
dsa0.6,0.2,1.0,1,0.5,10,29,6904
dsa0.6,0.2,1.0,1,0.5,10,30,7039
dsa0.6,0.2,1.0,1,0.5,10,31,6907
dsa0.6,0.2,1.0,1,0.5,10,32,6907
dsa0.6,0.2,1.0,1,0.5,10,33,7076
dsa0.6,0.2,1.0,1,0.5,10,34,7172
dsa0.6,0.2,1.0,1,0.5,10,35,6904
dsa0.6,0.2,1.0,1,0.5,10,36,6875
dsa0.6,0.2,1.0,1,0.5,10,37,6767
dsa0.6,0.2,1.0,1,0.5,10,38,6746
dsa0.6,0.2,1.0,1,0.5,10,39,6719
dsa0.6,0.2,1.0,1,0.5,10,40,6710
dsa0.6,0.2,1.0,1,0.5,10,41,6710
dsa0.6,0.2,1.0,1,0.5,10,42,6710
dsa0.6,0.2,1.0,1,0.5,10,43,6710
dsa0.6,0.2,1.0,1,0.5,10,44,6576
dsa0.6,0.2,1.0,1,0.5,10,45,6559
dsa0.6,0.2,1.0,1,0.5,10,46,6559
dsa0.6,0.2,1.0,1,0.5,10,47,6559
dsa0.6,0.2,1.0,1,0.5,10,48,6559
dsa0.6,0.2,1.0,1,0.5,10,49,6559
dsa0.6,0.2,1.0,1,0.5,10,50,6559
dsa0.6,0.2,1.0,1,0.5,10,51,6559
dsa0.6,0.2,1.0,1,0.5,10,52,6559
dsa0.6,0.2,1.0,1,0.5,10,53,6559
dsa0.6,0.2,1.0,1,0.5,10,54,6559
dsa0.6,0.2,1.0,1,0.5,10,55,6559
dsa0.6,0.2,1.0,1,0.5,10,56,6559
dsa0.6,0.2,1.0,1,0.5,10,57,6559
dsa0.6,0.2,1.0,1,0.5,10,58,6559
dsa0.6,0.2,1.0,1,0.5,10,59,6559
dsa0.6,0.2,1.0,1,0.5,10,60,6559
dsa0.6,0.2,1.0,1,0.5,10,61,6559
dsa0.6,0.2,1.0,1,0.5,10,62,6559
dsa0.6,0.2,1.0,1,0.5,10,63,6559
dsa0.6,0.2,1.0,1,0.5,10,64,6559
dsa0.6,0.2,1.0,1,0.5,10,65,6559
dsa0.6,0.2,1.0,1,0.5,10,66,6559
dsa0.6,0.2,1.0,1,0.5,10,67,6559
dsa0.6,0.2,1.0,1,0.5,10,68,6559
dsa0.6,0.2,1.0,1,0.5,10,69,6559
dsa0.6,0.2,1.0,1,0.5,10,70,6559
dsa0.6,0.2,1.0,1,0.5,10,71,6559
dsa0.6,0.2,1.0,1,0.5,10,72,6559
dsa0.6,0.2,1.0,1,0.5,10,73,6559
dsa0.6,0.2,1.0,1,0.5,10,74,6559
dsa0.6,0.2,1.0,1,0.5,10,75,6559
dsa0.6,0.2,1.0,1,0.5,10,76,6559
dsa0.6,0.2,1.0,1,0.5,10,77,6559
dsa0.6,0.2,1.0,1,0.5,10,78,6559
dsa0.6,0.2,1.0,1,0.5,10,79,6559
dsa0.6,0.2,1.0,1,0.5,10,80,6559
dsa0.6,0.2,1.0,1,0.5,10,81,6559
dsa0.6,0.2,1.0,1,0.5,10,82,6559
dsa0.6,0.2,1.0,1,0.5,10,83,6559
dsa0.6,0.2,1.0,1,0.5,10,84,6559
dsa0.6,0.2,1.0,1,0.5,10,85,6559
dsa0.6,0.2,1.0,1,0.5,10,86,6559
dsa0.6,0.2,1.0,1,0.5,10,87,6559
dsa0.6,0.2,1.0,1,0.5,10,88,6559
dsa0.6,0.2,1.0,1,0.5,10,89,6559
dsa0.6,0.2,1.0,1,0.5,10,90,6559
dsa0.6,0.2,1.0,1,0.5,10,91,6559
dsa0.6,0.2,1.0,1,0.5,10,92,6559
dsa0.6,0.2,1.0,1,0.5,10,93,6559
dsa0.6,0.2,1.0,1,0.5,10,94,6559
dsa0.6,0.2,1.0,1,0.5,10,95,6559
dsa0.6,0.2,1.0,1,0.5,10,96,6559
dsa0.6,0.2,1.0,1,0.5,10,97,6559
dsa0.6,0.2,1.0,1,0.5,10,98,6559
dsa0.6,0.2,1.0,1,0.5,10,99,6559
dsa0.6,0.2,1.0,1,0.5,10,100,6559
dsa0.6,0.2,1.0,1,0.5,10,101,6559
dsa0.6,0.2,1.0,1,0.5,10,102,6559
dsa0.6,0.2,1.0,1,0.5,10,103,6559
dsa0.6,0.2,1.0,1,0.5,10,104,6559
dsa0.6,0.2,1.0,1,0.5,10,105,6559
dsa0.6,0.2,1.0,1,0.5,10,106,6559
dsa0.6,0.2,1.0,1,0.5,10,107,6559
dsa0.6,0.2,1.0,1,0.5,10,108,6559
dsa0.6,0.2,1.0,1,0.5,10,109,6559
dsa0.6,0.2,1.0,1,0.5,10,110,6559
dsa0.6,0.2,1.0,1,0.5,10,111,6559
dsa0.6,0.2,1.0,1,0.5,10,112,6559
dsa0.6,0.2,1.0,1,0.5,10,113,6559
dsa0.6,0.2,1.0,1,0.5,10,114,6559
dsa0.6,0.2,1.0,1,0.5,10,115,6559
dsa0.6,0.2,1.0,1,0.5,10,116,6559
dsa0.6,0.2,1.0,1,0.5,10,117,6559
dsa0.6,0.2,1.0,1,0.5,10,118,6559
dsa0.6,0.2,1.0,1,0.5,10,119,6559
dsa0.6,0.2,1.0,1,0.5,10,120,6559
dsa0.6,0.2,1.0,1,0.5,10,121,6559
dsa0.6,0.2,1.0,1,0.5,10,122,6559
dsa0.6,0.2,1.0,1,0.5,10,123,6559
dsa0.6,0.2,1.0,1,0.5,10,124,6559
dsa0.6,0.2,1.0,1,0.5,10,125,6559
dsa0.6,0.2,1.0,1,0.5,10,126,6559
dsa0.6,0.2,1.0,1,0.5,10,127,6559
dsa0.6,0.2,1.0,1,0.5,10,128,6559
dsa0.6,0.2,1.0,1,0.5,10,129,6559
dsa0.6,0.2,1.0,1,0.5,10,130,6559
dsa0.6,0.2,1.0,1,0.5,10,131,6559
dsa0.6,0.2,1.0,1,0.5,10,132,6559
dsa0.6,0.2,1.0,1,0.5,10,133,6559
dsa0.6,0.2,1.0,1,0.5,10,134,6559
dsa0.6,0.2,1.0,1,0.5,10,135,6559
dsa0.6,0.2,1.0,1,0.5,10,136,6559
dsa0.6,0.2,1.0,1,0.5,10,137,6559
dsa0.6,0.2,1.0,1,0.5,10,138,6559
dsa0.6,0.2,1.0,1,0.5,10,139,6559
dsa0.6,0.2,1.0,1,0.5,10,140,6559
dsa0.6,0.2,1.0,1,0.5,10,141,6559
dsa0.6,0.2,1.0,1,0.5,10,142,6559
dsa0.6,0.2,1.0,1,0.5,10,143,6559
dsa0.6,0.2,1.0,1,0.5,10,144,6559
dsa0.6,0.2,1.0,1,0.5,10,145,6559
dsa0.6,0.2,1.0,1,0.5,10,146,6559
dsa0.6,0.2,1.0,1,0.5,10,147,6559
dsa0.6,0.2,1.0,1,0.5,10,148,6559
dsa0.6,0.2,1.0,1,0.5,10,149,6559
dsa0.6,0.2,1.0,1,0.5,10,150,6559
dsa0.6,0.2,1.0,1,0.5,10,151,6559
dsa0.6,0.2,1.0,1,0.5,10,152,6559
dsa0.6,0.2,1.0,1,0.5,10,153,6559
dsa0.6,0.2,1.0,1,0.5,10,154,6559
dsa0.6,0.2,1.0,1,0.5,10,155,6559
dsa0.6,0.2,1.0,1,0.5,10,156,6559
dsa0.6,0.2,1.0,1,0.5,10,157,6559
dsa0.6,0.2,1.0,1,0.5,10,158,6559
dsa0.6,0.2,1.0,1,0.5,10,159,6559
dsa0.6,0.2,1.0,1,0.5,10,160,6559
dsa0.6,0.2,1.0,1,0.5,10,161,6559
dsa0.6,0.2,1.0,1,0.5,10,162,6559
dsa0.6,0.2,1.0,1,0.5,10,163,6559
dsa0.6,0.2,1.0,1,0.5,10,164,6559
dsa0.6,0.2,1.0,1,0.5,10,165,6559
dsa0.6,0.2,1.0,1,0.5,10,166,6559
dsa0.6,0.2,1.0,1,0.5,10,167,6559
dsa0.6,0.2,1.0,1,0.5,10,168,6559
dsa0.6,0.2,1.0,1,0.5,10,169,6559
dsa0.6,0.2,1.0,1,0.5,10,170,6559
dsa0.6,0.2,1.0,1,0.5,10,171,6559
dsa0.6,0.2,1.0,1,0.5,10,172,6559
dsa0.6,0.2,1.0,1,0.5,10,173,6559
dsa0.6,0.2,1.0,1,0.5,10,174,6559
dsa0.6,0.2,1.0,1,0.5,10,175,6559
dsa0.6,0.2,1.0,1,0.5,10,176,6559
dsa0.6,0.2,1.0,1,0.5,10,177,6559
dsa0.6,0.2,1.0,1,0.5,10,178,6559
dsa0.6,0.2,1.0,1,0.5,10,179,6559
dsa0.6,0.2,1.0,1,0.5,10,180,6559
dsa0.6,0.2,1.0,1,0.5,10,181,6559
dsa0.6,0.2,1.0,1,0.5,10,182,6559
dsa0.6,0.2,1.0,1,0.5,10,183,6559
dsa0.6,0.2,1.0,1,0.5,10,184,6559
dsa0.6,0.2,1.0,1,0.5,10,185,6559
dsa0.6,0.2,1.0,1,0.5,10,186,6559
dsa0.6,0.2,1.0,1,0.5,10,187,6559
dsa0.6,0.2,1.0,1,0.5,10,188,6559
dsa0.6,0.2,1.0,1,0.5,10,189,6559
dsa0.6,0.2,1.0,1,0.5,10,190,6559
dsa0.6,0.2,1.0,1,0.5,10,191,6559
dsa0.6,0.2,1.0,1,0.5,10,192,6559
dsa0.6,0.2,1.0,1,0.5,10,193,6559
dsa0.6,0.2,1.0,1,0.5,10,194,6559
dsa0.6,0.2,1.0,1,0.5,10,195,6559
dsa0.6,0.2,1.0,1,0.5,10,196,6559
dsa0.6,0.2,1.0,1,0.5,10,197,6559
dsa0.6,0.2,1.0,1,0.5,10,198,6559
dsa0.6,0.2,1.0,1,0.5,10,199,6559
dsa0.6,0.2,1.0,1,1.0,5,0,12588
dsa0.6,0.2,1.0,1,1.0,5,1,12588
dsa0.6,0.2,1.0,1,1.0,5,2,11740
dsa0.6,0.2,1.0,1,1.0,5,3,11920
dsa0.6,0.2,1.0,1,1.0,5,4,10913
dsa0.6,0.2,1.0,1,1.0,5,5,10194
dsa0.6,0.2,1.0,1,1.0,5,6,10053
dsa0.6,0.2,1.0,1,1.0,5,7,11187
dsa0.6,0.2,1.0,1,1.0,5,8,11094
dsa0.6,0.2,1.0,1,1.0,5,9,10828
dsa0.6,0.2,1.0,1,1.0,5,10,9305
dsa0.6,0.2,1.0,1,1.0,5,11,9433
dsa0.6,0.2,1.0,1,1.0,5,12,9289
dsa0.6,0.2,1.0,1,1.0,5,13,9233
dsa0.6,0.2,1.0,1,1.0,5,14,9020
dsa0.6,0.2,1.0,1,1.0,5,15,8282
dsa0.6,0.2,1.0,1,1.0,5,16,8528
dsa0.6,0.2,1.0,1,1.0,5,17,8535
dsa0.6,0.2,1.0,1,1.0,5,18,8241
dsa0.6,0.2,1.0,1,1.0,5,19,8175
dsa0.6,0.2,1.0,1,1.0,5,20,8411
dsa0.6,0.2,1.0,1,1.0,5,21,8029
dsa0.6,0.2,1.0,1,1.0,5,22,7815
dsa0.6,0.2,1.0,1,1.0,5,23,7867
dsa0.6,0.2,1.0,1,1.0,5,24,7996
dsa0.6,0.2,1.0,1,1.0,5,25,8068
dsa0.6,0.2,1.0,1,1.0,5,26,7448
dsa0.6,0.2,1.0,1,1.0,5,27,7202
dsa0.6,0.2,1.0,1,1.0,5,28,7534
dsa0.6,0.2,1.0,1,1.0,5,29,7267
dsa0.6,0.2,1.0,1,1.0,5,30,7405
dsa0.6,0.2,1.0,1,1.0,5,31,7680
dsa0.6,0.2,1.0,1,1.0,5,32,7445
dsa0.6,0.2,1.0,1,1.0,5,33,6984
dsa0.6,0.2,1.0,1,1.0,5,34,7155
dsa0.6,0.2,1.0,1,1.0,5,35,7303
dsa0.6,0.2,1.0,1,1.0,5,36,7251
dsa0.6,0.2,1.0,1,1.0,5,37,7142
dsa0.6,0.2,1.0,1,1.0,5,38,7217
dsa0.6,0.2,1.0,1,1.0,5,39,7383
dsa0.6,0.2,1.0,1,1.0,5,40,7208
dsa0.6,0.2,1.0,1,1.0,5,41,7259
dsa0.6,0.2,1.0,1,1.0,5,42,7008
dsa0.6,0.2,1.0,1,1.0,5,43,7059
dsa0.6,0.2,1.0,1,1.0,5,44,7395
dsa0.6,0.2,1.0,1,1.0,5,45,7018
dsa0.6,0.2,1.0,1,1.0,5,46,7116
dsa0.6,0.2,1.0,1,1.0,5,47,7188
dsa0.6,0.2,1.0,1,1.0,5,48,7118
dsa0.6,0.2,1.0,1,1.0,5,49,7126
dsa0.6,0.2,1.0,1,1.0,5,50,7111
dsa0.6,0.2,1.0,1,1.0,5,51,7151
dsa0.6,0.2,1.0,1,1.0,5,52,7294
dsa0.6,0.2,1.0,1,1.0,5,53,7093
dsa0.6,0.2,1.0,1,1.0,5,54,7205
dsa0.6,0.2,1.0,1,1.0,5,55,6992
dsa0.6,0.2,1.0,1,1.0,5,56,6736
dsa0.6,0.2,1.0,1,1.0,5,57,7011
dsa0.6,0.2,1.0,1,1.0,5,58,7011
dsa0.6,0.2,1.0,1,1.0,5,59,6936
dsa0.6,0.2,1.0,1,1.0,5,60,6927
dsa0.6,0.2,1.0,1,1.0,5,61,6975
dsa0.6,0.2,1.0,1,1.0,5,62,6893
dsa0.6,0.2,1.0,1,1.0,5,63,6893
dsa0.6,0.2,1.0,1,1.0,5,64,6644
dsa0.6,0.2,1.0,1,1.0,5,65,6797
dsa0.6,0.2,1.0,1,1.0,5,66,6797
dsa0.6,0.2,1.0,1,1.0,5,67,6581
dsa0.6,0.2,1.0,1,1.0,5,68,6581
dsa0.6,0.2,1.0,1,1.0,5,69,6663
dsa0.6,0.2,1.0,1,1.0,5,70,6581
dsa0.6,0.2,1.0,1,1.0,5,71,6581
dsa0.6,0.2,1.0,1,1.0,5,72,6514
dsa0.6,0.2,1.0,1,1.0,5,73,6667
dsa0.6,0.2,1.0,1,1.0,5,74,6514
dsa0.6,0.2,1.0,1,1.0,5,75,6514
dsa0.6,0.2,1.0,1,1.0,5,76,6557
dsa0.6,0.2,1.0,1,1.0,5,77,6557
dsa0.6,0.2,1.0,1,1.0,5,78,6639
dsa0.6,0.2,1.0,1,1.0,5,79,6639
dsa0.6,0.2,1.0,1,1.0,5,80,6670
dsa0.6,0.2,1.0,1,1.0,5,81,6545
dsa0.6,0.2,1.0,1,1.0,5,82,6529
dsa0.6,0.2,1.0,1,1.0,5,83,6557
dsa0.6,0.2,1.0,1,1.0,5,84,6557
dsa0.6,0.2,1.0,1,1.0,5,85,6557
dsa0.6,0.2,1.0,1,1.0,5,86,6566
dsa0.6,0.2,1.0,1,1.0,5,87,6566
dsa0.6,0.2,1.0,1,1.0,5,88,6691
dsa0.6,0.2,1.0,1,1.0,5,89,6515
dsa0.6,0.2,1.0,1,1.0,5,90,6531
dsa0.6,0.2,1.0,1,1.0,5,91,6557
dsa0.6,0.2,1.0,1,1.0,5,92,6541
dsa0.6,0.2,1.0,1,1.0,5,93,6541
dsa0.6,0.2,1.0,1,1.0,5,94,6541
dsa0.6,0.2,1.0,1,1.0,5,95,6817
dsa0.6,0.2,1.0,1,1.0,5,96,6515
dsa0.6,0.2,1.0,1,1.0,5,97,6515
dsa0.6,0.2,1.0,1,1.0,5,98,6531
dsa0.6,0.2,1.0,1,1.0,5,99,6531
dsa0.6,0.2,1.0,1,1.0,5,100,6503
dsa0.6,0.2,1.0,1,1.0,5,101,6503
dsa0.6,0.2,1.0,1,1.0,5,102,6582
dsa0.6,0.2,1.0,1,1.0,5,103,6582
dsa0.6,0.2,1.0,1,1.0,5,104,6531
dsa0.6,0.2,1.0,1,1.0,5,105,6531
dsa0.6,0.2,1.0,1,1.0,5,106,6515
dsa0.6,0.2,1.0,1,1.0,5,107,6515
dsa0.6,0.2,1.0,1,1.0,5,108,6515
dsa0.6,0.2,1.0,1,1.0,5,109,6515
dsa0.6,0.2,1.0,1,1.0,5,110,6515
dsa0.6,0.2,1.0,1,1.0,5,111,6515
dsa0.6,0.2,1.0,1,1.0,5,112,6515
dsa0.6,0.2,1.0,1,1.0,5,113,6515
dsa0.6,0.2,1.0,1,1.0,5,114,6515
dsa0.6,0.2,1.0,1,1.0,5,115,6515
dsa0.6,0.2,1.0,1,1.0,5,116,6515
dsa0.6,0.2,1.0,1,1.0,5,117,6515
dsa0.6,0.2,1.0,1,1.0,5,118,6515
dsa0.6,0.2,1.0,1,1.0,5,119,6515
dsa0.6,0.2,1.0,1,1.0,5,120,6515
dsa0.6,0.2,1.0,1,1.0,5,121,6515
dsa0.6,0.2,1.0,1,1.0,5,122,6515
dsa0.6,0.2,1.0,1,1.0,5,123,6515
dsa0.6,0.2,1.0,1,1.0,5,124,6515
dsa0.6,0.2,1.0,1,1.0,5,125,6515
dsa0.6,0.2,1.0,1,1.0,5,126,6515
dsa0.6,0.2,1.0,1,1.0,5,127,6515
dsa0.6,0.2,1.0,1,1.0,5,128,6515
dsa0.6,0.2,1.0,1,1.0,5,129,6515
dsa0.6,0.2,1.0,1,1.0,5,130,6515
dsa0.6,0.2,1.0,1,1.0,5,131,6515
dsa0.6,0.2,1.0,1,1.0,5,132,6515
dsa0.6,0.2,1.0,1,1.0,5,133,6515
dsa0.6,0.2,1.0,1,1.0,5,134,6515
dsa0.6,0.2,1.0,1,1.0,5,135,6515
dsa0.6,0.2,1.0,1,1.0,5,136,6515
dsa0.6,0.2,1.0,1,1.0,5,137,6515
dsa0.6,0.2,1.0,1,1.0,5,138,6515
dsa0.6,0.2,1.0,1,1.0,5,139,6515
dsa0.6,0.2,1.0,1,1.0,5,140,6515
dsa0.6,0.2,1.0,1,1.0,5,141,6515
dsa0.6,0.2,1.0,1,1.0,5,142,6515
dsa0.6,0.2,1.0,1,1.0,5,143,6515
dsa0.6,0.2,1.0,1,1.0,5,144,6515
dsa0.6,0.2,1.0,1,1.0,5,145,6515
dsa0.6,0.2,1.0,1,1.0,5,146,6515
dsa0.6,0.2,1.0,1,1.0,5,147,6515
dsa0.6,0.2,1.0,1,1.0,5,148,6515
dsa0.6,0.2,1.0,1,1.0,5,149,6515
dsa0.6,0.2,1.0,1,1.0,5,150,6515
dsa0.6,0.2,1.0,1,1.0,5,151,6515
dsa0.6,0.2,1.0,1,1.0,5,152,6515
dsa0.6,0.2,1.0,1,1.0,5,153,6515
dsa0.6,0.2,1.0,1,1.0,5,154,6515
dsa0.6,0.2,1.0,1,1.0,5,155,6515
dsa0.6,0.2,1.0,1,1.0,5,156,6515
dsa0.6,0.2,1.0,1,1.0,5,157,6515
dsa0.6,0.2,1.0,1,1.0,5,158,6515
dsa0.6,0.2,1.0,1,1.0,5,159,6515
dsa0.6,0.2,1.0,1,1.0,5,160,6515
dsa0.6,0.2,1.0,1,1.0,5,161,6515
dsa0.6,0.2,1.0,1,1.0,5,162,6515
dsa0.6,0.2,1.0,1,1.0,5,163,6515
dsa0.6,0.2,1.0,1,1.0,5,164,6515
dsa0.6,0.2,1.0,1,1.0,5,165,6515
dsa0.6,0.2,1.0,1,1.0,5,166,6515
dsa0.6,0.2,1.0,1,1.0,5,167,6515
dsa0.6,0.2,1.0,1,1.0,5,168,6515
dsa0.6,0.2,1.0,1,1.0,5,169,6515
dsa0.6,0.2,1.0,1,1.0,5,170,6515
dsa0.6,0.2,1.0,1,1.0,5,171,6515
dsa0.6,0.2,1.0,1,1.0,5,172,6515
dsa0.6,0.2,1.0,1,1.0,5,173,6515
dsa0.6,0.2,1.0,1,1.0,5,174,6515
dsa0.6,0.2,1.0,1,1.0,5,175,6515
dsa0.6,0.2,1.0,1,1.0,5,176,6515
dsa0.6,0.2,1.0,1,1.0,5,177,6515
dsa0.6,0.2,1.0,1,1.0,5,178,6515
dsa0.6,0.2,1.0,1,1.0,5,179,6515
dsa0.6,0.2,1.0,1,1.0,5,180,6515
dsa0.6,0.2,1.0,1,1.0,5,181,6515
dsa0.6,0.2,1.0,1,1.0,5,182,6515
dsa0.6,0.2,1.0,1,1.0,5,183,6515
dsa0.6,0.2,1.0,1,1.0,5,184,6515
dsa0.6,0.2,1.0,1,1.0,5,185,6515
dsa0.6,0.2,1.0,1,1.0,5,186,6515
dsa0.6,0.2,1.0,1,1.0,5,187,6515
dsa0.6,0.2,1.0,1,1.0,5,188,6515
dsa0.6,0.2,1.0,1,1.0,5,189,6515
dsa0.6,0.2,1.0,1,1.0,5,190,6515
dsa0.6,0.2,1.0,1,1.0,5,191,6515
dsa0.6,0.2,1.0,1,1.0,5,192,6515
dsa0.6,0.2,1.0,1,1.0,5,193,6515
dsa0.6,0.2,1.0,1,1.0,5,194,6515
dsa0.6,0.2,1.0,1,1.0,5,195,6515
dsa0.6,0.2,1.0,1,1.0,5,196,6515
dsa0.6,0.2,1.0,1,1.0,5,197,6515
dsa0.6,0.2,1.0,1,1.0,5,198,6515
dsa0.6,0.2,1.0,1,1.0,5,199,6515
dsa0.6,0.2,1.0,1,1.0,10,0,12588
dsa0.6,0.2,1.0,1,1.0,10,1,12588
dsa0.6,0.2,1.0,1,1.0,10,2,12000
dsa0.6,0.2,1.0,1,1.0,10,3,11000
dsa0.6,0.2,1.0,1,1.0,10,4,11265
dsa0.6,0.2,1.0,1,1.0,10,5,10698
dsa0.6,0.2,1.0,1,1.0,10,6,10451
dsa0.6,0.2,1.0,1,1.0,10,7,10598
dsa0.6,0.2,1.0,1,1.0,10,8,10101
dsa0.6,0.2,1.0,1,1.0,10,9,10090
dsa0.6,0.2,1.0,1,1.0,10,10,9659
dsa0.6,0.2,1.0,1,1.0,10,11,9860
dsa0.6,0.2,1.0,1,1.0,10,12,10295
dsa0.6,0.2,1.0,1,1.0,10,13,9428
dsa0.6,0.2,1.0,1,1.0,10,14,9800
dsa0.6,0.2,1.0,1,1.0,10,15,9212
dsa0.6,0.2,1.0,1,1.0,10,16,8788
dsa0.6,0.2,1.0,1,1.0,10,17,9473
dsa0.6,0.2,1.0,1,1.0,10,18,8301
dsa0.6,0.2,1.0,1,1.0,10,19,8323
dsa0.6,0.2,1.0,1,1.0,10,20,8413
dsa0.6,0.2,1.0,1,1.0,10,21,8385
dsa0.6,0.2,1.0,1,1.0,10,22,8285
dsa0.6,0.2,1.0,1,1.0,10,23,8572
dsa0.6,0.2,1.0,1,1.0,10,24,7983
dsa0.6,0.2,1.0,1,1.0,10,25,8447
dsa0.6,0.2,1.0,1,1.0,10,26,8492
dsa0.6,0.2,1.0,1,1.0,10,27,8670
dsa0.6,0.2,1.0,1,1.0,10,28,8371
dsa0.6,0.2,1.0,1,1.0,10,29,8324
dsa0.6,0.2,1.0,1,1.0,10,30,7997
dsa0.6,0.2,1.0,1,1.0,10,31,7791
dsa0.6,0.2,1.0,1,1.0,10,32,8318
dsa0.6,0.2,1.0,1,1.0,10,33,8013
dsa0.6,0.2,1.0,1,1.0,10,34,7895
dsa0.6,0.2,1.0,1,1.0,10,35,8152
dsa0.6,0.2,1.0,1,1.0,10,36,7747
dsa0.6,0.2,1.0,1,1.0,10,37,7515
dsa0.6,0.2,1.0,1,1.0,10,38,7047
dsa0.6,0.2,1.0,1,1.0,10,39,6765
dsa0.6,0.2,1.0,1,1.0,10,40,6897
dsa0.6,0.2,1.0,1,1.0,10,41,7091
dsa0.6,0.2,1.0,1,1.0,10,42,6969
dsa0.6,0.2,1.0,1,1.0,10,43,7270
dsa0.6,0.2,1.0,1,1.0,10,44,6961
dsa0.6,0.2,1.0,1,1.0,10,45,7131
dsa0.6,0.2,1.0,1,1.0,10,46,7000
dsa0.6,0.2,1.0,1,1.0,10,47,6697
dsa0.6,0.2,1.0,1,1.0,10,48,6846
dsa0.6,0.2,1.0,1,1.0,10,49,6962
dsa0.6,0.2,1.0,1,1.0,10,50,7019
dsa0.6,0.2,1.0,1,1.0,10,51,7019
dsa0.6,0.2,1.0,1,1.0,10,52,6955
dsa0.6,0.2,1.0,1,1.0,10,53,6698
dsa0.6,0.2,1.0,1,1.0,10,54,6721
dsa0.6,0.2,1.0,1,1.0,10,55,6643
dsa0.6,0.2,1.0,1,1.0,10,56,6682
dsa0.6,0.2,1.0,1,1.0,10,57,6676
dsa0.6,0.2,1.0,1,1.0,10,58,6697
dsa0.6,0.2,1.0,1,1.0,10,59,6658
dsa0.6,0.2,1.0,1,1.0,10,60,6658
dsa0.6,0.2,1.0,1,1.0,10,61,6665
dsa0.6,0.2,1.0,1,1.0,10,62,6592
dsa0.6,0.2,1.0,1,1.0,10,63,6680
dsa0.6,0.2,1.0,1,1.0,10,64,6547
dsa0.6,0.2,1.0,1,1.0,10,65,6540
dsa0.6,0.2,1.0,1,1.0,10,66,6460
dsa0.6,0.2,1.0,1,1.0,10,67,6460
dsa0.6,0.2,1.0,1,1.0,10,68,6450
dsa0.6,0.2,1.0,1,1.0,10,69,6450
dsa0.6,0.2,1.0,1,1.0,10,70,6450
dsa0.6,0.2,1.0,1,1.0,10,71,6450
dsa0.6,0.2,1.0,1,1.0,10,72,6437
dsa0.6,0.2,1.0,1,1.0,10,73,6437
dsa0.6,0.2,1.0,1,1.0,10,74,6421
dsa0.6,0.2,1.0,1,1.0,10,75,6421
dsa0.6,0.2,1.0,1,1.0,10,76,6421
dsa0.6,0.2,1.0,1,1.0,10,77,6421
dsa0.6,0.2,1.0,1,1.0,10,78,6421
dsa0.6,0.2,1.0,1,1.0,10,79,6421
dsa0.6,0.2,1.0,1,1.0,10,80,6414
dsa0.6,0.2,1.0,1,1.0,10,81,6414
dsa0.6,0.2,1.0,1,1.0,10,82,6414
dsa0.6,0.2,1.0,1,1.0,10,83,6414
dsa0.6,0.2,1.0,1,1.0,10,84,6414
dsa0.6,0.2,1.0,1,1.0,10,85,6414
dsa0.6,0.2,1.0,1,1.0,10,86,6414
dsa0.6,0.2,1.0,1,1.0,10,87,6414
dsa0.6,0.2,1.0,1,1.0,10,88,6414
dsa0.6,0.2,1.0,1,1.0,10,89,6414
dsa0.6,0.2,1.0,1,1.0,10,90,6414
dsa0.6,0.2,1.0,1,1.0,10,91,6414
dsa0.6,0.2,1.0,1,1.0,10,92,6414
dsa0.6,0.2,1.0,1,1.0,10,93,6414
dsa0.6,0.2,1.0,1,1.0,10,94,6414
dsa0.6,0.2,1.0,1,1.0,10,95,6414
dsa0.6,0.2,1.0,1,1.0,10,96,6414
dsa0.6,0.2,1.0,1,1.0,10,97,6414
dsa0.6,0.2,1.0,1,1.0,10,98,6414
dsa0.6,0.2,1.0,1,1.0,10,99,6414
dsa0.6,0.2,1.0,1,1.0,10,100,6414
dsa0.6,0.2,1.0,1,1.0,10,101,6414
dsa0.6,0.2,1.0,1,1.0,10,102,6414
dsa0.6,0.2,1.0,1,1.0,10,103,6414
dsa0.6,0.2,1.0,1,1.0,10,104,6414
dsa0.6,0.2,1.0,1,1.0,10,105,6414
dsa0.6,0.2,1.0,1,1.0,10,106,6414
dsa0.6,0.2,1.0,1,1.0,10,107,6414
dsa0.6,0.2,1.0,1,1.0,10,108,6414
dsa0.6,0.2,1.0,1,1.0,10,109,6414
dsa0.6,0.2,1.0,1,1.0,10,110,6414
dsa0.6,0.2,1.0,1,1.0,10,111,6414
dsa0.6,0.2,1.0,1,1.0,10,112,6414
dsa0.6,0.2,1.0,1,1.0,10,113,6414
dsa0.6,0.2,1.0,1,1.0,10,114,6414
dsa0.6,0.2,1.0,1,1.0,10,115,6414
dsa0.6,0.2,1.0,1,1.0,10,116,6414
dsa0.6,0.2,1.0,1,1.0,10,117,6414
dsa0.6,0.2,1.0,1,1.0,10,118,6414
dsa0.6,0.2,1.0,1,1.0,10,119,6414
dsa0.6,0.2,1.0,1,1.0,10,120,6414
dsa0.6,0.2,1.0,1,1.0,10,121,6414
dsa0.6,0.2,1.0,1,1.0,10,122,6414
dsa0.6,0.2,1.0,1,1.0,10,123,6414
dsa0.6,0.2,1.0,1,1.0,10,124,6414
dsa0.6,0.2,1.0,1,1.0,10,125,6414
dsa0.6,0.2,1.0,1,1.0,10,126,6414
dsa0.6,0.2,1.0,1,1.0,10,127,6414
dsa0.6,0.2,1.0,1,1.0,10,128,6414
dsa0.6,0.2,1.0,1,1.0,10,129,6414
dsa0.6,0.2,1.0,1,1.0,10,130,6414
dsa0.6,0.2,1.0,1,1.0,10,131,6414
dsa0.6,0.2,1.0,1,1.0,10,132,6414
dsa0.6,0.2,1.0,1,1.0,10,133,6414
dsa0.6,0.2,1.0,1,1.0,10,134,6414
dsa0.6,0.2,1.0,1,1.0,10,135,6414
dsa0.6,0.2,1.0,1,1.0,10,136,6414
dsa0.6,0.2,1.0,1,1.0,10,137,6414
dsa0.6,0.2,1.0,1,1.0,10,138,6414
dsa0.6,0.2,1.0,1,1.0,10,139,6414
dsa0.6,0.2,1.0,1,1.0,10,140,6414
dsa0.6,0.2,1.0,1,1.0,10,141,6414
dsa0.6,0.2,1.0,1,1.0,10,142,6414
dsa0.6,0.2,1.0,1,1.0,10,143,6414
dsa0.6,0.2,1.0,1,1.0,10,144,6414
dsa0.6,0.2,1.0,1,1.0,10,145,6414
dsa0.6,0.2,1.0,1,1.0,10,146,6414
dsa0.6,0.2,1.0,1,1.0,10,147,6414
dsa0.6,0.2,1.0,1,1.0,10,148,6414
dsa0.6,0.2,1.0,1,1.0,10,149,6414
dsa0.6,0.2,1.0,1,1.0,10,150,6414
dsa0.6,0.2,1.0,1,1.0,10,151,6414
dsa0.6,0.2,1.0,1,1.0,10,152,6414
dsa0.6,0.2,1.0,1,1.0,10,153,6414
dsa0.6,0.2,1.0,1,1.0,10,154,6414
dsa0.6,0.2,1.0,1,1.0,10,155,6414
dsa0.6,0.2,1.0,1,1.0,10,156,6414
dsa0.6,0.2,1.0,1,1.0,10,157,6414
dsa0.6,0.2,1.0,1,1.0,10,158,6414
dsa0.6,0.2,1.0,1,1.0,10,159,6414
dsa0.6,0.2,1.0,1,1.0,10,160,6414
dsa0.6,0.2,1.0,1,1.0,10,161,6414
dsa0.6,0.2,1.0,1,1.0,10,162,6414
dsa0.6,0.2,1.0,1,1.0,10,163,6414
dsa0.6,0.2,1.0,1,1.0,10,164,6414
dsa0.6,0.2,1.0,1,1.0,10,165,6414
dsa0.6,0.2,1.0,1,1.0,10,166,6414
dsa0.6,0.2,1.0,1,1.0,10,167,6414
dsa0.6,0.2,1.0,1,1.0,10,168,6414
dsa0.6,0.2,1.0,1,1.0,10,169,6414
dsa0.6,0.2,1.0,1,1.0,10,170,6414
dsa0.6,0.2,1.0,1,1.0,10,171,6414
dsa0.6,0.2,1.0,1,1.0,10,172,6414
dsa0.6,0.2,1.0,1,1.0,10,173,6414
dsa0.6,0.2,1.0,1,1.0,10,174,6414
dsa0.6,0.2,1.0,1,1.0,10,175,6414
dsa0.6,0.2,1.0,1,1.0,10,176,6414
dsa0.6,0.2,1.0,1,1.0,10,177,6414
dsa0.6,0.2,1.0,1,1.0,10,178,6414
dsa0.6,0.2,1.0,1,1.0,10,179,6414
dsa0.6,0.2,1.0,1,1.0,10,180,6414
dsa0.6,0.2,1.0,1,1.0,10,181,6414
dsa0.6,0.2,1.0,1,1.0,10,182,6414
dsa0.6,0.2,1.0,1,1.0,10,183,6414
dsa0.6,0.2,1.0,1,1.0,10,184,6414
dsa0.6,0.2,1.0,1,1.0,10,185,6414
dsa0.6,0.2,1.0,1,1.0,10,186,6414
dsa0.6,0.2,1.0,1,1.0,10,187,6414
dsa0.6,0.2,1.0,1,1.0,10,188,6414
dsa0.6,0.2,1.0,1,1.0,10,189,6414
dsa0.6,0.2,1.0,1,1.0,10,190,6414
dsa0.6,0.2,1.0,1,1.0,10,191,6414
dsa0.6,0.2,1.0,1,1.0,10,192,6414
dsa0.6,0.2,1.0,1,1.0,10,193,6414
dsa0.6,0.2,1.0,1,1.0,10,194,6414
dsa0.6,0.2,1.0,1,1.0,10,195,6414
dsa0.6,0.2,1.0,1,1.0,10,196,6414
dsa0.6,0.2,1.0,1,1.0,10,197,6414
dsa0.6,0.2,1.0,1,1.0,10,198,6414
dsa0.6,0.2,1.0,1,1.0,10,199,6414
dsa0.6,0.2,1.0,2,0.0,5,0,13052
dsa0.6,0.2,1.0,2,0.0,5,1,11360
dsa0.6,0.2,1.0,2,0.0,5,2,10502
dsa0.6,0.2,1.0,2,0.0,5,3,9032
dsa0.6,0.2,1.0,2,0.0,5,4,8421
dsa0.6,0.2,1.0,2,0.0,5,5,8065
dsa0.6,0.2,1.0,2,0.0,5,6,7736
dsa0.6,0.2,1.0,2,0.0,5,7,7918
dsa0.6,0.2,1.0,2,0.0,5,8,7675
dsa0.6,0.2,1.0,2,0.0,5,9,7511
dsa0.6,0.2,1.0,2,0.0,5,10,7435
dsa0.6,0.2,1.0,2,0.0,5,11,7272
dsa0.6,0.2,1.0,2,0.0,5,12,7210
dsa0.6,0.2,1.0,2,0.0,5,13,7195
dsa0.6,0.2,1.0,2,0.0,5,14,7128
dsa0.6,0.2,1.0,2,0.0,5,15,7128
dsa0.6,0.2,1.0,2,0.0,5,16,7128
dsa0.6,0.2,1.0,2,0.0,5,17,7125
dsa0.6,0.2,1.0,2,0.0,5,18,7125
dsa0.6,0.2,1.0,2,0.0,5,19,7125
dsa0.6,0.2,1.0,2,0.0,5,20,7125
dsa0.6,0.2,1.0,2,0.0,5,21,7125
dsa0.6,0.2,1.0,2,0.0,5,22,7125
dsa0.6,0.2,1.0,2,0.0,5,23,7125
dsa0.6,0.2,1.0,2,0.0,5,24,7125
dsa0.6,0.2,1.0,2,0.0,5,25,7125
dsa0.6,0.2,1.0,2,0.0,5,26,7125
dsa0.6,0.2,1.0,2,0.0,5,27,7125
dsa0.6,0.2,1.0,2,0.0,5,28,7125
dsa0.6,0.2,1.0,2,0.0,5,29,7125
dsa0.6,0.2,1.0,2,0.0,5,30,7125
dsa0.6,0.2,1.0,2,0.0,5,31,7125
dsa0.6,0.2,1.0,2,0.0,5,32,7125
dsa0.6,0.2,1.0,2,0.0,5,33,7125
dsa0.6,0.2,1.0,2,0.0,5,34,7125
dsa0.6,0.2,1.0,2,0.0,5,35,7125
dsa0.6,0.2,1.0,2,0.0,5,36,7125
dsa0.6,0.2,1.0,2,0.0,5,37,7125
dsa0.6,0.2,1.0,2,0.0,5,38,7125
dsa0.6,0.2,1.0,2,0.0,5,39,7125
dsa0.6,0.2,1.0,2,0.0,5,40,7125
dsa0.6,0.2,1.0,2,0.0,5,41,7125
dsa0.6,0.2,1.0,2,0.0,5,42,7125
dsa0.6,0.2,1.0,2,0.0,5,43,7125
dsa0.6,0.2,1.0,2,0.0,5,44,7125
dsa0.6,0.2,1.0,2,0.0,5,45,7125
dsa0.6,0.2,1.0,2,0.0,5,46,7125
dsa0.6,0.2,1.0,2,0.0,5,47,7125
dsa0.6,0.2,1.0,2,0.0,5,48,7125
dsa0.6,0.2,1.0,2,0.0,5,49,7125
dsa0.6,0.2,1.0,2,0.0,5,50,7125
dsa0.6,0.2,1.0,2,0.0,5,51,7125
dsa0.6,0.2,1.0,2,0.0,5,52,7125
dsa0.6,0.2,1.0,2,0.0,5,53,7125
dsa0.6,0.2,1.0,2,0.0,5,54,7125
dsa0.6,0.2,1.0,2,0.0,5,55,7125
dsa0.6,0.2,1.0,2,0.0,5,56,7125
dsa0.6,0.2,1.0,2,0.0,5,57,7125
dsa0.6,0.2,1.0,2,0.0,5,58,7125
dsa0.6,0.2,1.0,2,0.0,5,59,7125
dsa0.6,0.2,1.0,2,0.0,5,60,7125
dsa0.6,0.2,1.0,2,0.0,5,61,7125
dsa0.6,0.2,1.0,2,0.0,5,62,7125
dsa0.6,0.2,1.0,2,0.0,5,63,7125
dsa0.6,0.2,1.0,2,0.0,5,64,7125
dsa0.6,0.2,1.0,2,0.0,5,65,7125
dsa0.6,0.2,1.0,2,0.0,5,66,7125
dsa0.6,0.2,1.0,2,0.0,5,67,7125
dsa0.6,0.2,1.0,2,0.0,5,68,7125
dsa0.6,0.2,1.0,2,0.0,5,69,7125
dsa0.6,0.2,1.0,2,0.0,5,70,7125
dsa0.6,0.2,1.0,2,0.0,5,71,7125
dsa0.6,0.2,1.0,2,0.0,5,72,7125
dsa0.6,0.2,1.0,2,0.0,5,73,7125
dsa0.6,0.2,1.0,2,0.0,5,74,7125
dsa0.6,0.2,1.0,2,0.0,5,75,7125
dsa0.6,0.2,1.0,2,0.0,5,76,7125
dsa0.6,0.2,1.0,2,0.0,5,77,7125
dsa0.6,0.2,1.0,2,0.0,5,78,7125
dsa0.6,0.2,1.0,2,0.0,5,79,7125
dsa0.6,0.2,1.0,2,0.0,5,80,7125
dsa0.6,0.2,1.0,2,0.0,5,81,7125
dsa0.6,0.2,1.0,2,0.0,5,82,7125
dsa0.6,0.2,1.0,2,0.0,5,83,7125
dsa0.6,0.2,1.0,2,0.0,5,84,7125
dsa0.6,0.2,1.0,2,0.0,5,85,7125
dsa0.6,0.2,1.0,2,0.0,5,86,7125
dsa0.6,0.2,1.0,2,0.0,5,87,7125
dsa0.6,0.2,1.0,2,0.0,5,88,7125
dsa0.6,0.2,1.0,2,0.0,5,89,7125
dsa0.6,0.2,1.0,2,0.0,5,90,7125
dsa0.6,0.2,1.0,2,0.0,5,91,7125
dsa0.6,0.2,1.0,2,0.0,5,92,7125
dsa0.6,0.2,1.0,2,0.0,5,93,7125
dsa0.6,0.2,1.0,2,0.0,5,94,7125
dsa0.6,0.2,1.0,2,0.0,5,95,7125
dsa0.6,0.2,1.0,2,0.0,5,96,7125
dsa0.6,0.2,1.0,2,0.0,5,97,7125
dsa0.6,0.2,1.0,2,0.0,5,98,7125
dsa0.6,0.2,1.0,2,0.0,5,99,7125
dsa0.6,0.2,1.0,2,0.0,5,100,7125
dsa0.6,0.2,1.0,2,0.0,5,101,7125
dsa0.6,0.2,1.0,2,0.0,5,102,7125
dsa0.6,0.2,1.0,2,0.0,5,103,7125
dsa0.6,0.2,1.0,2,0.0,5,104,7125
dsa0.6,0.2,1.0,2,0.0,5,105,7125
dsa0.6,0.2,1.0,2,0.0,5,106,7125
dsa0.6,0.2,1.0,2,0.0,5,107,7125
dsa0.6,0.2,1.0,2,0.0,5,108,7125
dsa0.6,0.2,1.0,2,0.0,5,109,7125
dsa0.6,0.2,1.0,2,0.0,5,110,7125
dsa0.6,0.2,1.0,2,0.0,5,111,7125
dsa0.6,0.2,1.0,2,0.0,5,112,7125
dsa0.6,0.2,1.0,2,0.0,5,113,7125
dsa0.6,0.2,1.0,2,0.0,5,114,7125
dsa0.6,0.2,1.0,2,0.0,5,115,7125
dsa0.6,0.2,1.0,2,0.0,5,116,7125
dsa0.6,0.2,1.0,2,0.0,5,117,7125
dsa0.6,0.2,1.0,2,0.0,5,118,7125
dsa0.6,0.2,1.0,2,0.0,5,119,7125
dsa0.6,0.2,1.0,2,0.0,5,120,7125
dsa0.6,0.2,1.0,2,0.0,5,121,7125
dsa0.6,0.2,1.0,2,0.0,5,122,7125
dsa0.6,0.2,1.0,2,0.0,5,123,7125
dsa0.6,0.2,1.0,2,0.0,5,124,7125
dsa0.6,0.2,1.0,2,0.0,5,125,7125
dsa0.6,0.2,1.0,2,0.0,5,126,7125
dsa0.6,0.2,1.0,2,0.0,5,127,7125
dsa0.6,0.2,1.0,2,0.0,5,128,7125
dsa0.6,0.2,1.0,2,0.0,5,129,7125
dsa0.6,0.2,1.0,2,0.0,5,130,7125
dsa0.6,0.2,1.0,2,0.0,5,131,7125
dsa0.6,0.2,1.0,2,0.0,5,132,7125
dsa0.6,0.2,1.0,2,0.0,5,133,7125
dsa0.6,0.2,1.0,2,0.0,5,134,7125
dsa0.6,0.2,1.0,2,0.0,5,135,7125
dsa0.6,0.2,1.0,2,0.0,5,136,7125
dsa0.6,0.2,1.0,2,0.0,5,137,7125
dsa0.6,0.2,1.0,2,0.0,5,138,7125
dsa0.6,0.2,1.0,2,0.0,5,139,7125
dsa0.6,0.2,1.0,2,0.0,5,140,7125
dsa0.6,0.2,1.0,2,0.0,5,141,7125
dsa0.6,0.2,1.0,2,0.0,5,142,7125
dsa0.6,0.2,1.0,2,0.0,5,143,7125
dsa0.6,0.2,1.0,2,0.0,5,144,7125
dsa0.6,0.2,1.0,2,0.0,5,145,7125
dsa0.6,0.2,1.0,2,0.0,5,146,7125
dsa0.6,0.2,1.0,2,0.0,5,147,7125
dsa0.6,0.2,1.0,2,0.0,5,148,7125
dsa0.6,0.2,1.0,2,0.0,5,149,7125
dsa0.6,0.2,1.0,2,0.0,5,150,7125
dsa0.6,0.2,1.0,2,0.0,5,151,7125
dsa0.6,0.2,1.0,2,0.0,5,152,7125
dsa0.6,0.2,1.0,2,0.0,5,153,7125
dsa0.6,0.2,1.0,2,0.0,5,154,7125
dsa0.6,0.2,1.0,2,0.0,5,155,7125
dsa0.6,0.2,1.0,2,0.0,5,156,7125
dsa0.6,0.2,1.0,2,0.0,5,157,7125
dsa0.6,0.2,1.0,2,0.0,5,158,7125
dsa0.6,0.2,1.0,2,0.0,5,159,7125
dsa0.6,0.2,1.0,2,0.0,5,160,7125
dsa0.6,0.2,1.0,2,0.0,5,161,7125
dsa0.6,0.2,1.0,2,0.0,5,162,7125
dsa0.6,0.2,1.0,2,0.0,5,163,7125
dsa0.6,0.2,1.0,2,0.0,5,164,7125
dsa0.6,0.2,1.0,2,0.0,5,165,7125
dsa0.6,0.2,1.0,2,0.0,5,166,7125
dsa0.6,0.2,1.0,2,0.0,5,167,7125
dsa0.6,0.2,1.0,2,0.0,5,168,7125
dsa0.6,0.2,1.0,2,0.0,5,169,7125
dsa0.6,0.2,1.0,2,0.0,5,170,7125
dsa0.6,0.2,1.0,2,0.0,5,171,7125
dsa0.6,0.2,1.0,2,0.0,5,172,7125
dsa0.6,0.2,1.0,2,0.0,5,173,7125
dsa0.6,0.2,1.0,2,0.0,5,174,7125
dsa0.6,0.2,1.0,2,0.0,5,175,7125
dsa0.6,0.2,1.0,2,0.0,5,176,7125
dsa0.6,0.2,1.0,2,0.0,5,177,7125
dsa0.6,0.2,1.0,2,0.0,5,178,7125
dsa0.6,0.2,1.0,2,0.0,5,179,7125
dsa0.6,0.2,1.0,2,0.0,5,180,7125
dsa0.6,0.2,1.0,2,0.0,5,181,7125
dsa0.6,0.2,1.0,2,0.0,5,182,7125
dsa0.6,0.2,1.0,2,0.0,5,183,7125
dsa0.6,0.2,1.0,2,0.0,5,184,7125
dsa0.6,0.2,1.0,2,0.0,5,185,7125
dsa0.6,0.2,1.0,2,0.0,5,186,7125
dsa0.6,0.2,1.0,2,0.0,5,187,7125
dsa0.6,0.2,1.0,2,0.0,5,188,7125
dsa0.6,0.2,1.0,2,0.0,5,189,7125
dsa0.6,0.2,1.0,2,0.0,5,190,7125
dsa0.6,0.2,1.0,2,0.0,5,191,7125
dsa0.6,0.2,1.0,2,0.0,5,192,7125
dsa0.6,0.2,1.0,2,0.0,5,193,7125
dsa0.6,0.2,1.0,2,0.0,5,194,7125
dsa0.6,0.2,1.0,2,0.0,5,195,7125
dsa0.6,0.2,1.0,2,0.0,5,196,7125
dsa0.6,0.2,1.0,2,0.0,5,197,7125
dsa0.6,0.2,1.0,2,0.0,5,198,7125
dsa0.6,0.2,1.0,2,0.0,5,199,7125
dsa0.6,0.2,1.0,2,0.5,5,0,13052
dsa0.6,0.2,1.0,2,0.5,5,1,11746
dsa0.6,0.2,1.0,2,0.5,5,2,11020
dsa0.6,0.2,1.0,2,0.5,5,3,11405
dsa0.6,0.2,1.0,2,0.5,5,4,11122
dsa0.6,0.2,1.0,2,0.5,5,5,9773
dsa0.6,0.2,1.0,2,0.5,5,6,9653
dsa0.6,0.2,1.0,2,0.5,5,7,9842
dsa0.6,0.2,1.0,2,0.5,5,8,10020
dsa0.6,0.2,1.0,2,0.5,5,9,9099
dsa0.6,0.2,1.0,2,0.5,5,10,8476
dsa0.6,0.2,1.0,2,0.5,5,11,8586
dsa0.6,0.2,1.0,2,0.5,5,12,8982
dsa0.6,0.2,1.0,2,0.5,5,13,8559
dsa0.6,0.2,1.0,2,0.5,5,14,8641
dsa0.6,0.2,1.0,2,0.5,5,15,8182
dsa0.6,0.2,1.0,2,0.5,5,16,7908
dsa0.6,0.2,1.0,2,0.5,5,17,8028
dsa0.6,0.2,1.0,2,0.5,5,18,8155
dsa0.6,0.2,1.0,2,0.5,5,19,7731
dsa0.6,0.2,1.0,2,0.5,5,20,7644
dsa0.6,0.2,1.0,2,0.5,5,21,7636
dsa0.6,0.2,1.0,2,0.5,5,22,7712
dsa0.6,0.2,1.0,2,0.5,5,23,7765
dsa0.6,0.2,1.0,2,0.5,5,24,7580
dsa0.6,0.2,1.0,2,0.5,5,25,7436
dsa0.6,0.2,1.0,2,0.5,5,26,7596
dsa0.6,0.2,1.0,2,0.5,5,27,7352
dsa0.6,0.2,1.0,2,0.5,5,28,7481
dsa0.6,0.2,1.0,2,0.5,5,29,7320
dsa0.6,0.2,1.0,2,0.5,5,30,7380
dsa0.6,0.2,1.0,2,0.5,5,31,7377
dsa0.6,0.2,1.0,2,0.5,5,32,7320
dsa0.6,0.2,1.0,2,0.5,5,33,7358
dsa0.6,0.2,1.0,2,0.5,5,34,7350
dsa0.6,0.2,1.0,2,0.5,5,35,7153
dsa0.6,0.2,1.0,2,0.5,5,36,7133
dsa0.6,0.2,1.0,2,0.5,5,37,7136
dsa0.6,0.2,1.0,2,0.5,5,38,7187
dsa0.6,0.2,1.0,2,0.5,5,39,7089
dsa0.6,0.2,1.0,2,0.5,5,40,7086
dsa0.6,0.2,1.0,2,0.5,5,41,7043
dsa0.6,0.2,1.0,2,0.5,5,42,6945
dsa0.6,0.2,1.0,2,0.5,5,43,6945
dsa0.6,0.2,1.0,2,0.5,5,44,7062
dsa0.6,0.2,1.0,2,0.5,5,45,7049
dsa0.6,0.2,1.0,2,0.5,5,46,7065
dsa0.6,0.2,1.0,2,0.5,5,47,7043
dsa0.6,0.2,1.0,2,0.5,5,48,6945
dsa0.6,0.2,1.0,2,0.5,5,49,6934
dsa0.6,0.2,1.0,2,0.5,5,50,6885
dsa0.6,0.2,1.0,2,0.5,5,51,6945
dsa0.6,0.2,1.0,2,0.5,5,52,6949
dsa0.6,0.2,1.0,2,0.5,5,53,6949
dsa0.6,0.2,1.0,2,0.5,5,54,6927
dsa0.6,0.2,1.0,2,0.5,5,55,6918
dsa0.6,0.2,1.0,2,0.5,5,56,6869
dsa0.6,0.2,1.0,2,0.5,5,57,6869
dsa0.6,0.2,1.0,2,0.5,5,58,6869
dsa0.6,0.2,1.0,2,0.5,5,59,6869
dsa0.6,0.2,1.0,2,0.5,5,60,6869
dsa0.6,0.2,1.0,2,0.5,5,61,6869
dsa0.6,0.2,1.0,2,0.5,5,62,6869
dsa0.6,0.2,1.0,2,0.5,5,63,6869
dsa0.6,0.2,1.0,2,0.5,5,64,6869
dsa0.6,0.2,1.0,2,0.5,5,65,6869
dsa0.6,0.2,1.0,2,0.5,5,66,6869
dsa0.6,0.2,1.0,2,0.5,5,67,6869
dsa0.6,0.2,1.0,2,0.5,5,68,6869
dsa0.6,0.2,1.0,2,0.5,5,69,6869
dsa0.6,0.2,1.0,2,0.5,5,70,6869
dsa0.6,0.2,1.0,2,0.5,5,71,6869
dsa0.6,0.2,1.0,2,0.5,5,72,6869
dsa0.6,0.2,1.0,2,0.5,5,73,6869
dsa0.6,0.2,1.0,2,0.5,5,74,6869
dsa0.6,0.2,1.0,2,0.5,5,75,6869
dsa0.6,0.2,1.0,2,0.5,5,76,6869
dsa0.6,0.2,1.0,2,0.5,5,77,6869
dsa0.6,0.2,1.0,2,0.5,5,78,6869
dsa0.6,0.2,1.0,2,0.5,5,79,6869
dsa0.6,0.2,1.0,2,0.5,5,80,6869
dsa0.6,0.2,1.0,2,0.5,5,81,6869
dsa0.6,0.2,1.0,2,0.5,5,82,6869
dsa0.6,0.2,1.0,2,0.5,5,83,6869
dsa0.6,0.2,1.0,2,0.5,5,84,6869
dsa0.6,0.2,1.0,2,0.5,5,85,6869
dsa0.6,0.2,1.0,2,0.5,5,86,6869
dsa0.6,0.2,1.0,2,0.5,5,87,6869
dsa0.6,0.2,1.0,2,0.5,5,88,6869
dsa0.6,0.2,1.0,2,0.5,5,89,6869
dsa0.6,0.2,1.0,2,0.5,5,90,6869
dsa0.6,0.2,1.0,2,0.5,5,91,6869
dsa0.6,0.2,1.0,2,0.5,5,92,6869
dsa0.6,0.2,1.0,2,0.5,5,93,6869
dsa0.6,0.2,1.0,2,0.5,5,94,6869
dsa0.6,0.2,1.0,2,0.5,5,95,6869
dsa0.6,0.2,1.0,2,0.5,5,96,6869
dsa0.6,0.2,1.0,2,0.5,5,97,6869
dsa0.6,0.2,1.0,2,0.5,5,98,6869
dsa0.6,0.2,1.0,2,0.5,5,99,6869
dsa0.6,0.2,1.0,2,0.5,5,100,6869
dsa0.6,0.2,1.0,2,0.5,5,101,6869
dsa0.6,0.2,1.0,2,0.5,5,102,6869
dsa0.6,0.2,1.0,2,0.5,5,103,6869
dsa0.6,0.2,1.0,2,0.5,5,104,6869
dsa0.6,0.2,1.0,2,0.5,5,105,6869
dsa0.6,0.2,1.0,2,0.5,5,106,6869
dsa0.6,0.2,1.0,2,0.5,5,107,6869
dsa0.6,0.2,1.0,2,0.5,5,108,6869
dsa0.6,0.2,1.0,2,0.5,5,109,6869
dsa0.6,0.2,1.0,2,0.5,5,110,6869
dsa0.6,0.2,1.0,2,0.5,5,111,6869
dsa0.6,0.2,1.0,2,0.5,5,112,6869
dsa0.6,0.2,1.0,2,0.5,5,113,6869
dsa0.6,0.2,1.0,2,0.5,5,114,6869
dsa0.6,0.2,1.0,2,0.5,5,115,6869
dsa0.6,0.2,1.0,2,0.5,5,116,6869
dsa0.6,0.2,1.0,2,0.5,5,117,6869
dsa0.6,0.2,1.0,2,0.5,5,118,6869
dsa0.6,0.2,1.0,2,0.5,5,119,6869
dsa0.6,0.2,1.0,2,0.5,5,120,6869
dsa0.6,0.2,1.0,2,0.5,5,121,6869
dsa0.6,0.2,1.0,2,0.5,5,122,6869
dsa0.6,0.2,1.0,2,0.5,5,123,6869
dsa0.6,0.2,1.0,2,0.5,5,124,6869
dsa0.6,0.2,1.0,2,0.5,5,125,6869
dsa0.6,0.2,1.0,2,0.5,5,126,6869
dsa0.6,0.2,1.0,2,0.5,5,127,6869
dsa0.6,0.2,1.0,2,0.5,5,128,6869
dsa0.6,0.2,1.0,2,0.5,5,129,6869
dsa0.6,0.2,1.0,2,0.5,5,130,6869
dsa0.6,0.2,1.0,2,0.5,5,131,6869
dsa0.6,0.2,1.0,2,0.5,5,132,6869
dsa0.6,0.2,1.0,2,0.5,5,133,6869
dsa0.6,0.2,1.0,2,0.5,5,134,6869
dsa0.6,0.2,1.0,2,0.5,5,135,6869
dsa0.6,0.2,1.0,2,0.5,5,136,6869
dsa0.6,0.2,1.0,2,0.5,5,137,6869
dsa0.6,0.2,1.0,2,0.5,5,138,6869
dsa0.6,0.2,1.0,2,0.5,5,139,6869
dsa0.6,0.2,1.0,2,0.5,5,140,6869
dsa0.6,0.2,1.0,2,0.5,5,141,6869
dsa0.6,0.2,1.0,2,0.5,5,142,6869
dsa0.6,0.2,1.0,2,0.5,5,143,6869
dsa0.6,0.2,1.0,2,0.5,5,144,6869
dsa0.6,0.2,1.0,2,0.5,5,145,6869
dsa0.6,0.2,1.0,2,0.5,5,146,6869
dsa0.6,0.2,1.0,2,0.5,5,147,6869
dsa0.6,0.2,1.0,2,0.5,5,148,6869
dsa0.6,0.2,1.0,2,0.5,5,149,6869
dsa0.6,0.2,1.0,2,0.5,5,150,6869
dsa0.6,0.2,1.0,2,0.5,5,151,6869
dsa0.6,0.2,1.0,2,0.5,5,152,6869
dsa0.6,0.2,1.0,2,0.5,5,153,6869
dsa0.6,0.2,1.0,2,0.5,5,154,6869
dsa0.6,0.2,1.0,2,0.5,5,155,6869
dsa0.6,0.2,1.0,2,0.5,5,156,6869
dsa0.6,0.2,1.0,2,0.5,5,157,6869
dsa0.6,0.2,1.0,2,0.5,5,158,6869
dsa0.6,0.2,1.0,2,0.5,5,159,6869
dsa0.6,0.2,1.0,2,0.5,5,160,6869
dsa0.6,0.2,1.0,2,0.5,5,161,6869
dsa0.6,0.2,1.0,2,0.5,5,162,6869
dsa0.6,0.2,1.0,2,0.5,5,163,6869
dsa0.6,0.2,1.0,2,0.5,5,164,6869
dsa0.6,0.2,1.0,2,0.5,5,165,6869
dsa0.6,0.2,1.0,2,0.5,5,166,6869
dsa0.6,0.2,1.0,2,0.5,5,167,6869
dsa0.6,0.2,1.0,2,0.5,5,168,6869
dsa0.6,0.2,1.0,2,0.5,5,169,6869
dsa0.6,0.2,1.0,2,0.5,5,170,6869
dsa0.6,0.2,1.0,2,0.5,5,171,6869
dsa0.6,0.2,1.0,2,0.5,5,172,6869
dsa0.6,0.2,1.0,2,0.5,5,173,6869
dsa0.6,0.2,1.0,2,0.5,5,174,6869
dsa0.6,0.2,1.0,2,0.5,5,175,6869
dsa0.6,0.2,1.0,2,0.5,5,176,6869
dsa0.6,0.2,1.0,2,0.5,5,177,6869
dsa0.6,0.2,1.0,2,0.5,5,178,6869
dsa0.6,0.2,1.0,2,0.5,5,179,6869
dsa0.6,0.2,1.0,2,0.5,5,180,6869
dsa0.6,0.2,1.0,2,0.5,5,181,6869
dsa0.6,0.2,1.0,2,0.5,5,182,6869
dsa0.6,0.2,1.0,2,0.5,5,183,6869
dsa0.6,0.2,1.0,2,0.5,5,184,6869
dsa0.6,0.2,1.0,2,0.5,5,185,6869
dsa0.6,0.2,1.0,2,0.5,5,186,6869
dsa0.6,0.2,1.0,2,0.5,5,187,6869
dsa0.6,0.2,1.0,2,0.5,5,188,6869
dsa0.6,0.2,1.0,2,0.5,5,189,6869
dsa0.6,0.2,1.0,2,0.5,5,190,6869
dsa0.6,0.2,1.0,2,0.5,5,191,6869
dsa0.6,0.2,1.0,2,0.5,5,192,6869
dsa0.6,0.2,1.0,2,0.5,5,193,6869
dsa0.6,0.2,1.0,2,0.5,5,194,6869
dsa0.6,0.2,1.0,2,0.5,5,195,6869
dsa0.6,0.2,1.0,2,0.5,5,196,6869
dsa0.6,0.2,1.0,2,0.5,5,197,6869
dsa0.6,0.2,1.0,2,0.5,5,198,6869
dsa0.6,0.2,1.0,2,0.5,5,199,6869
dsa0.6,0.2,1.0,2,0.5,10,0,13052
dsa0.6,0.2,1.0,2,0.5,10,1,10995
dsa0.6,0.2,1.0,2,0.5,10,2,9991
dsa0.6,0.2,1.0,2,0.5,10,3,10177
dsa0.6,0.2,1.0,2,0.5,10,4,9831
dsa0.6,0.2,1.0,2,0.5,10,5,9882
dsa0.6,0.2,1.0,2,0.5,10,6,10032
dsa0.6,0.2,1.0,2,0.5,10,7,9431
dsa0.6,0.2,1.0,2,0.5,10,8,9067
dsa0.6,0.2,1.0,2,0.5,10,9,9072
dsa0.6,0.2,1.0,2,0.5,10,10,8561
dsa0.6,0.2,1.0,2,0.5,10,11,8573
dsa0.6,0.2,1.0,2,0.5,10,12,8635
dsa0.6,0.2,1.0,2,0.5,10,13,8660
dsa0.6,0.2,1.0,2,0.5,10,14,8715
dsa0.6,0.2,1.0,2,0.5,10,15,8611
dsa0.6,0.2,1.0,2,0.5,10,16,8666
dsa0.6,0.2,1.0,2,0.5,10,17,8344
dsa0.6,0.2,1.0,2,0.5,10,18,8227
dsa0.6,0.2,1.0,2,0.5,10,19,8133
dsa0.6,0.2,1.0,2,0.5,10,20,7843
dsa0.6,0.2,1.0,2,0.5,10,21,8209
dsa0.6,0.2,1.0,2,0.5,10,22,7668
dsa0.6,0.2,1.0,2,0.5,10,23,7545
dsa0.6,0.2,1.0,2,0.5,10,24,7405
dsa0.6,0.2,1.0,2,0.5,10,25,7678
dsa0.6,0.2,1.0,2,0.5,10,26,7891
dsa0.6,0.2,1.0,2,0.5,10,27,7800
dsa0.6,0.2,1.0,2,0.5,10,28,7786
dsa0.6,0.2,1.0,2,0.5,10,29,7622
dsa0.6,0.2,1.0,2,0.5,10,30,7429
dsa0.6,0.2,1.0,2,0.5,10,31,7397
dsa0.6,0.2,1.0,2,0.5,10,32,7370
dsa0.6,0.2,1.0,2,0.5,10,33,7386
dsa0.6,0.2,1.0,2,0.5,10,34,7376
dsa0.6,0.2,1.0,2,0.5,10,35,7376
dsa0.6,0.2,1.0,2,0.5,10,36,7318
dsa0.6,0.2,1.0,2,0.5,10,37,7315
dsa0.6,0.2,1.0,2,0.5,10,38,7225
dsa0.6,0.2,1.0,2,0.5,10,39,7201
dsa0.6,0.2,1.0,2,0.5,10,40,7201
dsa0.6,0.2,1.0,2,0.5,10,41,7201
dsa0.6,0.2,1.0,2,0.5,10,42,7123
dsa0.6,0.2,1.0,2,0.5,10,43,7123
dsa0.6,0.2,1.0,2,0.5,10,44,7123
dsa0.6,0.2,1.0,2,0.5,10,45,7123
dsa0.6,0.2,1.0,2,0.5,10,46,7123
dsa0.6,0.2,1.0,2,0.5,10,47,7123
dsa0.6,0.2,1.0,2,0.5,10,48,7123
dsa0.6,0.2,1.0,2,0.5,10,49,7123
dsa0.6,0.2,1.0,2,0.5,10,50,7123
dsa0.6,0.2,1.0,2,0.5,10,51,7110
dsa0.6,0.2,1.0,2,0.5,10,52,7110
dsa0.6,0.2,1.0,2,0.5,10,53,7110
dsa0.6,0.2,1.0,2,0.5,10,54,7110
dsa0.6,0.2,1.0,2,0.5,10,55,7110
dsa0.6,0.2,1.0,2,0.5,10,56,7110
dsa0.6,0.2,1.0,2,0.5,10,57,7110
dsa0.6,0.2,1.0,2,0.5,10,58,7110
dsa0.6,0.2,1.0,2,0.5,10,59,7110
dsa0.6,0.2,1.0,2,0.5,10,60,7110
dsa0.6,0.2,1.0,2,0.5,10,61,7110
dsa0.6,0.2,1.0,2,0.5,10,62,7110
dsa0.6,0.2,1.0,2,0.5,10,63,7110
dsa0.6,0.2,1.0,2,0.5,10,64,7110
dsa0.6,0.2,1.0,2,0.5,10,65,7110
dsa0.6,0.2,1.0,2,0.5,10,66,7110
dsa0.6,0.2,1.0,2,0.5,10,67,7110
dsa0.6,0.2,1.0,2,0.5,10,68,7110
dsa0.6,0.2,1.0,2,0.5,10,69,7110
dsa0.6,0.2,1.0,2,0.5,10,70,7110
dsa0.6,0.2,1.0,2,0.5,10,71,7110
dsa0.6,0.2,1.0,2,0.5,10,72,7110
dsa0.6,0.2,1.0,2,0.5,10,73,7110
dsa0.6,0.2,1.0,2,0.5,10,74,7110
dsa0.6,0.2,1.0,2,0.5,10,75,7110
dsa0.6,0.2,1.0,2,0.5,10,76,7110
dsa0.6,0.2,1.0,2,0.5,10,77,7110
dsa0.6,0.2,1.0,2,0.5,10,78,7110
dsa0.6,0.2,1.0,2,0.5,10,79,7110
dsa0.6,0.2,1.0,2,0.5,10,80,7110
dsa0.6,0.2,1.0,2,0.5,10,81,7110
dsa0.6,0.2,1.0,2,0.5,10,82,7110
dsa0.6,0.2,1.0,2,0.5,10,83,7110
dsa0.6,0.2,1.0,2,0.5,10,84,7110
dsa0.6,0.2,1.0,2,0.5,10,85,7110
dsa0.6,0.2,1.0,2,0.5,10,86,7110
dsa0.6,0.2,1.0,2,0.5,10,87,7110
dsa0.6,0.2,1.0,2,0.5,10,88,7110
dsa0.6,0.2,1.0,2,0.5,10,89,7110
dsa0.6,0.2,1.0,2,0.5,10,90,7110
dsa0.6,0.2,1.0,2,0.5,10,91,7110
dsa0.6,0.2,1.0,2,0.5,10,92,7110
dsa0.6,0.2,1.0,2,0.5,10,93,7110
dsa0.6,0.2,1.0,2,0.5,10,94,7110
dsa0.6,0.2,1.0,2,0.5,10,95,7110
dsa0.6,0.2,1.0,2,0.5,10,96,7110
dsa0.6,0.2,1.0,2,0.5,10,97,7110
dsa0.6,0.2,1.0,2,0.5,10,98,7110
dsa0.6,0.2,1.0,2,0.5,10,99,7110
dsa0.6,0.2,1.0,2,0.5,10,100,7110
dsa0.6,0.2,1.0,2,0.5,10,101,7110
dsa0.6,0.2,1.0,2,0.5,10,102,7110
dsa0.6,0.2,1.0,2,0.5,10,103,7110
dsa0.6,0.2,1.0,2,0.5,10,104,7110
dsa0.6,0.2,1.0,2,0.5,10,105,7110
dsa0.6,0.2,1.0,2,0.5,10,106,7110
dsa0.6,0.2,1.0,2,0.5,10,107,7110
dsa0.6,0.2,1.0,2,0.5,10,108,7110
dsa0.6,0.2,1.0,2,0.5,10,109,7110
dsa0.6,0.2,1.0,2,0.5,10,110,7110
dsa0.6,0.2,1.0,2,0.5,10,111,7110
dsa0.6,0.2,1.0,2,0.5,10,112,7110
dsa0.6,0.2,1.0,2,0.5,10,113,7110
dsa0.6,0.2,1.0,2,0.5,10,114,7110
dsa0.6,0.2,1.0,2,0.5,10,115,7110
dsa0.6,0.2,1.0,2,0.5,10,116,7110
dsa0.6,0.2,1.0,2,0.5,10,117,7110
dsa0.6,0.2,1.0,2,0.5,10,118,7110
dsa0.6,0.2,1.0,2,0.5,10,119,7110
dsa0.6,0.2,1.0,2,0.5,10,120,7110
dsa0.6,0.2,1.0,2,0.5,10,121,7110
dsa0.6,0.2,1.0,2,0.5,10,122,7110
dsa0.6,0.2,1.0,2,0.5,10,123,7110
dsa0.6,0.2,1.0,2,0.5,10,124,7110
dsa0.6,0.2,1.0,2,0.5,10,125,7110
dsa0.6,0.2,1.0,2,0.5,10,126,7110
dsa0.6,0.2,1.0,2,0.5,10,127,7110
dsa0.6,0.2,1.0,2,0.5,10,128,7110
dsa0.6,0.2,1.0,2,0.5,10,129,7110
dsa0.6,0.2,1.0,2,0.5,10,130,7110
dsa0.6,0.2,1.0,2,0.5,10,131,7110
dsa0.6,0.2,1.0,2,0.5,10,132,7110
dsa0.6,0.2,1.0,2,0.5,10,133,7110
dsa0.6,0.2,1.0,2,0.5,10,134,7110
dsa0.6,0.2,1.0,2,0.5,10,135,7110
dsa0.6,0.2,1.0,2,0.5,10,136,7110
dsa0.6,0.2,1.0,2,0.5,10,137,7110
dsa0.6,0.2,1.0,2,0.5,10,138,7110
dsa0.6,0.2,1.0,2,0.5,10,139,7110
dsa0.6,0.2,1.0,2,0.5,10,140,7110
dsa0.6,0.2,1.0,2,0.5,10,141,7110
dsa0.6,0.2,1.0,2,0.5,10,142,7110
dsa0.6,0.2,1.0,2,0.5,10,143,7110
dsa0.6,0.2,1.0,2,0.5,10,144,7110
dsa0.6,0.2,1.0,2,0.5,10,145,7110
dsa0.6,0.2,1.0,2,0.5,10,146,7110
dsa0.6,0.2,1.0,2,0.5,10,147,7110
dsa0.6,0.2,1.0,2,0.5,10,148,7110
dsa0.6,0.2,1.0,2,0.5,10,149,7110
dsa0.6,0.2,1.0,2,0.5,10,150,7110
dsa0.6,0.2,1.0,2,0.5,10,151,7110
dsa0.6,0.2,1.0,2,0.5,10,152,7110
dsa0.6,0.2,1.0,2,0.5,10,153,7110
dsa0.6,0.2,1.0,2,0.5,10,154,7110
dsa0.6,0.2,1.0,2,0.5,10,155,7110
dsa0.6,0.2,1.0,2,0.5,10,156,7110
dsa0.6,0.2,1.0,2,0.5,10,157,7110
dsa0.6,0.2,1.0,2,0.5,10,158,7110
dsa0.6,0.2,1.0,2,0.5,10,159,7110
dsa0.6,0.2,1.0,2,0.5,10,160,7110
dsa0.6,0.2,1.0,2,0.5,10,161,7110
dsa0.6,0.2,1.0,2,0.5,10,162,7110
dsa0.6,0.2,1.0,2,0.5,10,163,7110
dsa0.6,0.2,1.0,2,0.5,10,164,7110
dsa0.6,0.2,1.0,2,0.5,10,165,7110
dsa0.6,0.2,1.0,2,0.5,10,166,7110
dsa0.6,0.2,1.0,2,0.5,10,167,7110
dsa0.6,0.2,1.0,2,0.5,10,168,7110
dsa0.6,0.2,1.0,2,0.5,10,169,7110
dsa0.6,0.2,1.0,2,0.5,10,170,7110
dsa0.6,0.2,1.0,2,0.5,10,171,7110
dsa0.6,0.2,1.0,2,0.5,10,172,7110
dsa0.6,0.2,1.0,2,0.5,10,173,7110
dsa0.6,0.2,1.0,2,0.5,10,174,7110
dsa0.6,0.2,1.0,2,0.5,10,175,7110
dsa0.6,0.2,1.0,2,0.5,10,176,7110
dsa0.6,0.2,1.0,2,0.5,10,177,7110
dsa0.6,0.2,1.0,2,0.5,10,178,7110
dsa0.6,0.2,1.0,2,0.5,10,179,7110
dsa0.6,0.2,1.0,2,0.5,10,180,7110
dsa0.6,0.2,1.0,2,0.5,10,181,7110
dsa0.6,0.2,1.0,2,0.5,10,182,7110
dsa0.6,0.2,1.0,2,0.5,10,183,7110
dsa0.6,0.2,1.0,2,0.5,10,184,7110
dsa0.6,0.2,1.0,2,0.5,10,185,7110
dsa0.6,0.2,1.0,2,0.5,10,186,7110
dsa0.6,0.2,1.0,2,0.5,10,187,7110
dsa0.6,0.2,1.0,2,0.5,10,188,7110
dsa0.6,0.2,1.0,2,0.5,10,189,7110
dsa0.6,0.2,1.0,2,0.5,10,190,7110
dsa0.6,0.2,1.0,2,0.5,10,191,7110
dsa0.6,0.2,1.0,2,0.5,10,192,7110
dsa0.6,0.2,1.0,2,0.5,10,193,7110
dsa0.6,0.2,1.0,2,0.5,10,194,7110
dsa0.6,0.2,1.0,2,0.5,10,195,7110
dsa0.6,0.2,1.0,2,0.5,10,196,7110
dsa0.6,0.2,1.0,2,0.5,10,197,7110
dsa0.6,0.2,1.0,2,0.5,10,198,7110
dsa0.6,0.2,1.0,2,0.5,10,199,7110
dsa0.6,0.2,1.0,2,1.0,5,0,13052
dsa0.6,0.2,1.0,2,1.0,5,1,13052
dsa0.6,0.2,1.0,2,1.0,5,2,11668
dsa0.6,0.2,1.0,2,1.0,5,3,11205
dsa0.6,0.2,1.0,2,1.0,5,4,11770
dsa0.6,0.2,1.0,2,1.0,5,5,11777
dsa0.6,0.2,1.0,2,1.0,5,6,10739
dsa0.6,0.2,1.0,2,1.0,5,7,10864
dsa0.6,0.2,1.0,2,1.0,5,8,10139
dsa0.6,0.2,1.0,2,1.0,5,9,9984
dsa0.6,0.2,1.0,2,1.0,5,10,8918
dsa0.6,0.2,1.0,2,1.0,5,11,8811
dsa0.6,0.2,1.0,2,1.0,5,12,8996
dsa0.6,0.2,1.0,2,1.0,5,13,8896
dsa0.6,0.2,1.0,2,1.0,5,14,8898
dsa0.6,0.2,1.0,2,1.0,5,15,8410
dsa0.6,0.2,1.0,2,1.0,5,16,8354
dsa0.6,0.2,1.0,2,1.0,5,17,7814
dsa0.6,0.2,1.0,2,1.0,5,18,8489
dsa0.6,0.2,1.0,2,1.0,5,19,8495
dsa0.6,0.2,1.0,2,1.0,5,20,8276
dsa0.6,0.2,1.0,2,1.0,5,21,8027
dsa0.6,0.2,1.0,2,1.0,5,22,7977
dsa0.6,0.2,1.0,2,1.0,5,23,7850
dsa0.6,0.2,1.0,2,1.0,5,24,8151
dsa0.6,0.2,1.0,2,1.0,5,25,7617
dsa0.6,0.2,1.0,2,1.0,5,26,7546
dsa0.6,0.2,1.0,2,1.0,5,27,7763
dsa0.6,0.2,1.0,2,1.0,5,28,7739
dsa0.6,0.2,1.0,2,1.0,5,29,7591
dsa0.6,0.2,1.0,2,1.0,5,30,7974
dsa0.6,0.2,1.0,2,1.0,5,31,7678
dsa0.6,0.2,1.0,2,1.0,5,32,8024
dsa0.6,0.2,1.0,2,1.0,5,33,7908
dsa0.6,0.2,1.0,2,1.0,5,34,7205
dsa0.6,0.2,1.0,2,1.0,5,35,7388
dsa0.6,0.2,1.0,2,1.0,5,36,7498
dsa0.6,0.2,1.0,2,1.0,5,37,7322
dsa0.6,0.2,1.0,2,1.0,5,38,7171
dsa0.6,0.2,1.0,2,1.0,5,39,7077
dsa0.6,0.2,1.0,2,1.0,5,40,7074
dsa0.6,0.2,1.0,2,1.0,5,41,7292
dsa0.6,0.2,1.0,2,1.0,5,42,7292
dsa0.6,0.2,1.0,2,1.0,5,43,7255
dsa0.6,0.2,1.0,2,1.0,5,44,7295
dsa0.6,0.2,1.0,2,1.0,5,45,7174
dsa0.6,0.2,1.0,2,1.0,5,46,7044
dsa0.6,0.2,1.0,2,1.0,5,47,7134
dsa0.6,0.2,1.0,2,1.0,5,48,7134
dsa0.6,0.2,1.0,2,1.0,5,49,7060
dsa0.6,0.2,1.0,2,1.0,5,50,7060
dsa0.6,0.2,1.0,2,1.0,5,51,6996
dsa0.6,0.2,1.0,2,1.0,5,52,6911
dsa0.6,0.2,1.0,2,1.0,5,53,6911
dsa0.6,0.2,1.0,2,1.0,5,54,6911
dsa0.6,0.2,1.0,2,1.0,5,55,6950
dsa0.6,0.2,1.0,2,1.0,5,56,6950
dsa0.6,0.2,1.0,2,1.0,5,57,6950
dsa0.6,0.2,1.0,2,1.0,5,58,6950
dsa0.6,0.2,1.0,2,1.0,5,59,6882
dsa0.6,0.2,1.0,2,1.0,5,60,6882
dsa0.6,0.2,1.0,2,1.0,5,61,6856
dsa0.6,0.2,1.0,2,1.0,5,62,6856
dsa0.6,0.2,1.0,2,1.0,5,63,6856
dsa0.6,0.2,1.0,2,1.0,5,64,6856
dsa0.6,0.2,1.0,2,1.0,5,65,6842
dsa0.6,0.2,1.0,2,1.0,5,66,6842
dsa0.6,0.2,1.0,2,1.0,5,67,6842
dsa0.6,0.2,1.0,2,1.0,5,68,6842
dsa0.6,0.2,1.0,2,1.0,5,69,6842
dsa0.6,0.2,1.0,2,1.0,5,70,6842
dsa0.6,0.2,1.0,2,1.0,5,71,6842
dsa0.6,0.2,1.0,2,1.0,5,72,6842
dsa0.6,0.2,1.0,2,1.0,5,73,6842
dsa0.6,0.2,1.0,2,1.0,5,74,6842
dsa0.6,0.2,1.0,2,1.0,5,75,6842
dsa0.6,0.2,1.0,2,1.0,5,76,6842
dsa0.6,0.2,1.0,2,1.0,5,77,6842
dsa0.6,0.2,1.0,2,1.0,5,78,6842
dsa0.6,0.2,1.0,2,1.0,5,79,6842
dsa0.6,0.2,1.0,2,1.0,5,80,6842
dsa0.6,0.2,1.0,2,1.0,5,81,6842
dsa0.6,0.2,1.0,2,1.0,5,82,6842
dsa0.6,0.2,1.0,2,1.0,5,83,6842
dsa0.6,0.2,1.0,2,1.0,5,84,6842
dsa0.6,0.2,1.0,2,1.0,5,85,6842
dsa0.6,0.2,1.0,2,1.0,5,86,6842
dsa0.6,0.2,1.0,2,1.0,5,87,6842
dsa0.6,0.2,1.0,2,1.0,5,88,6842
dsa0.6,0.2,1.0,2,1.0,5,89,6842
dsa0.6,0.2,1.0,2,1.0,5,90,6842
dsa0.6,0.2,1.0,2,1.0,5,91,6842
dsa0.6,0.2,1.0,2,1.0,5,92,6842
dsa0.6,0.2,1.0,2,1.0,5,93,6842
dsa0.6,0.2,1.0,2,1.0,5,94,6842
dsa0.6,0.2,1.0,2,1.0,5,95,6842
dsa0.6,0.2,1.0,2,1.0,5,96,6842
dsa0.6,0.2,1.0,2,1.0,5,97,6842
dsa0.6,0.2,1.0,2,1.0,5,98,6842
dsa0.6,0.2,1.0,2,1.0,5,99,6842
dsa0.6,0.2,1.0,2,1.0,5,100,6842
dsa0.6,0.2,1.0,2,1.0,5,101,6842
dsa0.6,0.2,1.0,2,1.0,5,102,6842
dsa0.6,0.2,1.0,2,1.0,5,103,6842
dsa0.6,0.2,1.0,2,1.0,5,104,6842
dsa0.6,0.2,1.0,2,1.0,5,105,6842
dsa0.6,0.2,1.0,2,1.0,5,106,6842
dsa0.6,0.2,1.0,2,1.0,5,107,6842
dsa0.6,0.2,1.0,2,1.0,5,108,6842
dsa0.6,0.2,1.0,2,1.0,5,109,6842
dsa0.6,0.2,1.0,2,1.0,5,110,6842
dsa0.6,0.2,1.0,2,1.0,5,111,6842
dsa0.6,0.2,1.0,2,1.0,5,112,6842
dsa0.6,0.2,1.0,2,1.0,5,113,6842
dsa0.6,0.2,1.0,2,1.0,5,114,6842
dsa0.6,0.2,1.0,2,1.0,5,115,6842
dsa0.6,0.2,1.0,2,1.0,5,116,6842
dsa0.6,0.2,1.0,2,1.0,5,117,6842
dsa0.6,0.2,1.0,2,1.0,5,118,6842
dsa0.6,0.2,1.0,2,1.0,5,119,6842
dsa0.6,0.2,1.0,2,1.0,5,120,6842
dsa0.6,0.2,1.0,2,1.0,5,121,6842
dsa0.6,0.2,1.0,2,1.0,5,122,6842
dsa0.6,0.2,1.0,2,1.0,5,123,6842
dsa0.6,0.2,1.0,2,1.0,5,124,6842
dsa0.6,0.2,1.0,2,1.0,5,125,6842
dsa0.6,0.2,1.0,2,1.0,5,126,6842
dsa0.6,0.2,1.0,2,1.0,5,127,6842
dsa0.6,0.2,1.0,2,1.0,5,128,6842
dsa0.6,0.2,1.0,2,1.0,5,129,6842
dsa0.6,0.2,1.0,2,1.0,5,130,6842
dsa0.6,0.2,1.0,2,1.0,5,131,6842
dsa0.6,0.2,1.0,2,1.0,5,132,6842
dsa0.6,0.2,1.0,2,1.0,5,133,6842
dsa0.6,0.2,1.0,2,1.0,5,134,6842
dsa0.6,0.2,1.0,2,1.0,5,135,6842
dsa0.6,0.2,1.0,2,1.0,5,136,6842
dsa0.6,0.2,1.0,2,1.0,5,137,6842
dsa0.6,0.2,1.0,2,1.0,5,138,6842
dsa0.6,0.2,1.0,2,1.0,5,139,6842
dsa0.6,0.2,1.0,2,1.0,5,140,6842
dsa0.6,0.2,1.0,2,1.0,5,141,6842
dsa0.6,0.2,1.0,2,1.0,5,142,6842
dsa0.6,0.2,1.0,2,1.0,5,143,6842
dsa0.6,0.2,1.0,2,1.0,5,144,6842
dsa0.6,0.2,1.0,2,1.0,5,145,6842
dsa0.6,0.2,1.0,2,1.0,5,146,6842
dsa0.6,0.2,1.0,2,1.0,5,147,6842
dsa0.6,0.2,1.0,2,1.0,5,148,6842
dsa0.6,0.2,1.0,2,1.0,5,149,6842
dsa0.6,0.2,1.0,2,1.0,5,150,6842
dsa0.6,0.2,1.0,2,1.0,5,151,6842
dsa0.6,0.2,1.0,2,1.0,5,152,6842
dsa0.6,0.2,1.0,2,1.0,5,153,6842
dsa0.6,0.2,1.0,2,1.0,5,154,6842
dsa0.6,0.2,1.0,2,1.0,5,155,6842
dsa0.6,0.2,1.0,2,1.0,5,156,6842
dsa0.6,0.2,1.0,2,1.0,5,157,6842
dsa0.6,0.2,1.0,2,1.0,5,158,6842
dsa0.6,0.2,1.0,2,1.0,5,159,6842
dsa0.6,0.2,1.0,2,1.0,5,160,6842
dsa0.6,0.2,1.0,2,1.0,5,161,6842
dsa0.6,0.2,1.0,2,1.0,5,162,6842
dsa0.6,0.2,1.0,2,1.0,5,163,6842
dsa0.6,0.2,1.0,2,1.0,5,164,6842
dsa0.6,0.2,1.0,2,1.0,5,165,6842
dsa0.6,0.2,1.0,2,1.0,5,166,6842
dsa0.6,0.2,1.0,2,1.0,5,167,6842
dsa0.6,0.2,1.0,2,1.0,5,168,6842
dsa0.6,0.2,1.0,2,1.0,5,169,6842
dsa0.6,0.2,1.0,2,1.0,5,170,6842
dsa0.6,0.2,1.0,2,1.0,5,171,6842
dsa0.6,0.2,1.0,2,1.0,5,172,6842
dsa0.6,0.2,1.0,2,1.0,5,173,6842
dsa0.6,0.2,1.0,2,1.0,5,174,6842
dsa0.6,0.2,1.0,2,1.0,5,175,6842
dsa0.6,0.2,1.0,2,1.0,5,176,6842
dsa0.6,0.2,1.0,2,1.0,5,177,6842
dsa0.6,0.2,1.0,2,1.0,5,178,6842
dsa0.6,0.2,1.0,2,1.0,5,179,6842
dsa0.6,0.2,1.0,2,1.0,5,180,6842
dsa0.6,0.2,1.0,2,1.0,5,181,6842
dsa0.6,0.2,1.0,2,1.0,5,182,6842
dsa0.6,0.2,1.0,2,1.0,5,183,6842
dsa0.6,0.2,1.0,2,1.0,5,184,6842
dsa0.6,0.2,1.0,2,1.0,5,185,6842
dsa0.6,0.2,1.0,2,1.0,5,186,6842
dsa0.6,0.2,1.0,2,1.0,5,187,6842
dsa0.6,0.2,1.0,2,1.0,5,188,6842
dsa0.6,0.2,1.0,2,1.0,5,189,6842
dsa0.6,0.2,1.0,2,1.0,5,190,6842
dsa0.6,0.2,1.0,2,1.0,5,191,6842
dsa0.6,0.2,1.0,2,1.0,5,192,6842
dsa0.6,0.2,1.0,2,1.0,5,193,6842
dsa0.6,0.2,1.0,2,1.0,5,194,6842
dsa0.6,0.2,1.0,2,1.0,5,195,6842
dsa0.6,0.2,1.0,2,1.0,5,196,6842
dsa0.6,0.2,1.0,2,1.0,5,197,6842
dsa0.6,0.2,1.0,2,1.0,5,198,6842
dsa0.6,0.2,1.0,2,1.0,5,199,6842
dsa0.6,0.2,1.0,2,1.0,10,0,13052
dsa0.6,0.2,1.0,2,1.0,10,1,13052
dsa0.6,0.2,1.0,2,1.0,10,2,11671
dsa0.6,0.2,1.0,2,1.0,10,3,12300
dsa0.6,0.2,1.0,2,1.0,10,4,12587
dsa0.6,0.2,1.0,2,1.0,10,5,11353
dsa0.6,0.2,1.0,2,1.0,10,6,10901
dsa0.6,0.2,1.0,2,1.0,10,7,11115
dsa0.6,0.2,1.0,2,1.0,10,8,10136
dsa0.6,0.2,1.0,2,1.0,10,9,10327
dsa0.6,0.2,1.0,2,1.0,10,10,10071
dsa0.6,0.2,1.0,2,1.0,10,11,10060
dsa0.6,0.2,1.0,2,1.0,10,12,10357
dsa0.6,0.2,1.0,2,1.0,10,13,10618
dsa0.6,0.2,1.0,2,1.0,10,14,9757
dsa0.6,0.2,1.0,2,1.0,10,15,9633
dsa0.6,0.2,1.0,2,1.0,10,16,9499
dsa0.6,0.2,1.0,2,1.0,10,17,9104
dsa0.6,0.2,1.0,2,1.0,10,18,9618
dsa0.6,0.2,1.0,2,1.0,10,19,10270
dsa0.6,0.2,1.0,2,1.0,10,20,10154
dsa0.6,0.2,1.0,2,1.0,10,21,10582
dsa0.6,0.2,1.0,2,1.0,10,22,9484
dsa0.6,0.2,1.0,2,1.0,10,23,9520
dsa0.6,0.2,1.0,2,1.0,10,24,9655
dsa0.6,0.2,1.0,2,1.0,10,25,9189
dsa0.6,0.2,1.0,2,1.0,10,26,9183
dsa0.6,0.2,1.0,2,1.0,10,27,8925
dsa0.6,0.2,1.0,2,1.0,10,28,8877
dsa0.6,0.2,1.0,2,1.0,10,29,8891
dsa0.6,0.2,1.0,2,1.0,10,30,8309
dsa0.6,0.2,1.0,2,1.0,10,31,9020
dsa0.6,0.2,1.0,2,1.0,10,32,9089
dsa0.6,0.2,1.0,2,1.0,10,33,8723
dsa0.6,0.2,1.0,2,1.0,10,34,8365
dsa0.6,0.2,1.0,2,1.0,10,35,8340
dsa0.6,0.2,1.0,2,1.0,10,36,8830
dsa0.6,0.2,1.0,2,1.0,10,37,8332
dsa0.6,0.2,1.0,2,1.0,10,38,8144
dsa0.6,0.2,1.0,2,1.0,10,39,8215
dsa0.6,0.2,1.0,2,1.0,10,40,8275
dsa0.6,0.2,1.0,2,1.0,10,41,8398
dsa0.6,0.2,1.0,2,1.0,10,42,9040
dsa0.6,0.2,1.0,2,1.0,10,43,8564
dsa0.6,0.2,1.0,2,1.0,10,44,8193
dsa0.6,0.2,1.0,2,1.0,10,45,8068
dsa0.6,0.2,1.0,2,1.0,10,46,8146
dsa0.6,0.2,1.0,2,1.0,10,47,8896
dsa0.6,0.2,1.0,2,1.0,10,48,8686
dsa0.6,0.2,1.0,2,1.0,10,49,8528
dsa0.6,0.2,1.0,2,1.0,10,50,8760
dsa0.6,0.2,1.0,2,1.0,10,51,8564
dsa0.6,0.2,1.0,2,1.0,10,52,8818
dsa0.6,0.2,1.0,2,1.0,10,53,8852
dsa0.6,0.2,1.0,2,1.0,10,54,8490
dsa0.6,0.2,1.0,2,1.0,10,55,8366
dsa0.6,0.2,1.0,2,1.0,10,56,8243
dsa0.6,0.2,1.0,2,1.0,10,57,7687
dsa0.6,0.2,1.0,2,1.0,10,58,8105
dsa0.6,0.2,1.0,2,1.0,10,59,8015
dsa0.6,0.2,1.0,2,1.0,10,60,7894
dsa0.6,0.2,1.0,2,1.0,10,61,7957
dsa0.6,0.2,1.0,2,1.0,10,62,8030
dsa0.6,0.2,1.0,2,1.0,10,63,7953
dsa0.6,0.2,1.0,2,1.0,10,64,7987
dsa0.6,0.2,1.0,2,1.0,10,65,7748
dsa0.6,0.2,1.0,2,1.0,10,66,7950
dsa0.6,0.2,1.0,2,1.0,10,67,7917
dsa0.6,0.2,1.0,2,1.0,10,68,7576
dsa0.6,0.2,1.0,2,1.0,10,69,7576
dsa0.6,0.2,1.0,2,1.0,10,70,7426
dsa0.6,0.2,1.0,2,1.0,10,71,7533
dsa0.6,0.2,1.0,2,1.0,10,72,7607
dsa0.6,0.2,1.0,2,1.0,10,73,7494
dsa0.6,0.2,1.0,2,1.0,10,74,7556
dsa0.6,0.2,1.0,2,1.0,10,75,7520
dsa0.6,0.2,1.0,2,1.0,10,76,7474
dsa0.6,0.2,1.0,2,1.0,10,77,7491
dsa0.6,0.2,1.0,2,1.0,10,78,7272
dsa0.6,0.2,1.0,2,1.0,10,79,7454
dsa0.6,0.2,1.0,2,1.0,10,80,7500
dsa0.6,0.2,1.0,2,1.0,10,81,7754
dsa0.6,0.2,1.0,2,1.0,10,82,7597
dsa0.6,0.2,1.0,2,1.0,10,83,7592
dsa0.6,0.2,1.0,2,1.0,10,84,7374
dsa0.6,0.2,1.0,2,1.0,10,85,7267
dsa0.6,0.2,1.0,2,1.0,10,86,7267
dsa0.6,0.2,1.0,2,1.0,10,87,7365
dsa0.6,0.2,1.0,2,1.0,10,88,7290
dsa0.6,0.2,1.0,2,1.0,10,89,7326
dsa0.6,0.2,1.0,2,1.0,10,90,7326
dsa0.6,0.2,1.0,2,1.0,10,91,7205
dsa0.6,0.2,1.0,2,1.0,10,92,7262
dsa0.6,0.2,1.0,2,1.0,10,93,7314
dsa0.6,0.2,1.0,2,1.0,10,94,7306
dsa0.6,0.2,1.0,2,1.0,10,95,7280
dsa0.6,0.2,1.0,2,1.0,10,96,7271
dsa0.6,0.2,1.0,2,1.0,10,97,7271
dsa0.6,0.2,1.0,2,1.0,10,98,7271
dsa0.6,0.2,1.0,2,1.0,10,99,7280
dsa0.6,0.2,1.0,2,1.0,10,100,7292
dsa0.6,0.2,1.0,2,1.0,10,101,7298
dsa0.6,0.2,1.0,2,1.0,10,102,7340
dsa0.6,0.2,1.0,2,1.0,10,103,7353
dsa0.6,0.2,1.0,2,1.0,10,104,7409
dsa0.6,0.2,1.0,2,1.0,10,105,7462
dsa0.6,0.2,1.0,2,1.0,10,106,7453
dsa0.6,0.2,1.0,2,1.0,10,107,7345
dsa0.6,0.2,1.0,2,1.0,10,108,7242
dsa0.6,0.2,1.0,2,1.0,10,109,7334
dsa0.6,0.2,1.0,2,1.0,10,110,7334
dsa0.6,0.2,1.0,2,1.0,10,111,7287
dsa0.6,0.2,1.0,2,1.0,10,112,7287
dsa0.6,0.2,1.0,2,1.0,10,113,7335
dsa0.6,0.2,1.0,2,1.0,10,114,7294
dsa0.6,0.2,1.0,2,1.0,10,115,7263
dsa0.6,0.2,1.0,2,1.0,10,116,7297
dsa0.6,0.2,1.0,2,1.0,10,117,7264
dsa0.6,0.2,1.0,2,1.0,10,118,7230
dsa0.6,0.2,1.0,2,1.0,10,119,7286
dsa0.6,0.2,1.0,2,1.0,10,120,7202
dsa0.6,0.2,1.0,2,1.0,10,121,7123
dsa0.6,0.2,1.0,2,1.0,10,122,7123
dsa0.6,0.2,1.0,2,1.0,10,123,7131
dsa0.6,0.2,1.0,2,1.0,10,124,7124
dsa0.6,0.2,1.0,2,1.0,10,125,7124
dsa0.6,0.2,1.0,2,1.0,10,126,7124
dsa0.6,0.2,1.0,2,1.0,10,127,7124
dsa0.6,0.2,1.0,2,1.0,10,128,7121
dsa0.6,0.2,1.0,2,1.0,10,129,7121
dsa0.6,0.2,1.0,2,1.0,10,130,7176
dsa0.6,0.2,1.0,2,1.0,10,131,7176
dsa0.6,0.2,1.0,2,1.0,10,132,7176
dsa0.6,0.2,1.0,2,1.0,10,133,7176
dsa0.6,0.2,1.0,2,1.0,10,134,7176
dsa0.6,0.2,1.0,2,1.0,10,135,7121
dsa0.6,0.2,1.0,2,1.0,10,136,7124
dsa0.6,0.2,1.0,2,1.0,10,137,7124
dsa0.6,0.2,1.0,2,1.0,10,138,7124
dsa0.6,0.2,1.0,2,1.0,10,139,7124
dsa0.6,0.2,1.0,2,1.0,10,140,7124
dsa0.6,0.2,1.0,2,1.0,10,141,7121
dsa0.6,0.2,1.0,2,1.0,10,142,7121
dsa0.6,0.2,1.0,2,1.0,10,143,7121
dsa0.6,0.2,1.0,2,1.0,10,144,7121
dsa0.6,0.2,1.0,2,1.0,10,145,7121
dsa0.6,0.2,1.0,2,1.0,10,146,7121
dsa0.6,0.2,1.0,2,1.0,10,147,7121
dsa0.6,0.2,1.0,2,1.0,10,148,7121
dsa0.6,0.2,1.0,2,1.0,10,149,7121
dsa0.6,0.2,1.0,2,1.0,10,150,7121
dsa0.6,0.2,1.0,2,1.0,10,151,7121
dsa0.6,0.2,1.0,2,1.0,10,152,7121
dsa0.6,0.2,1.0,2,1.0,10,153,7121
dsa0.6,0.2,1.0,2,1.0,10,154,7121
dsa0.6,0.2,1.0,2,1.0,10,155,7121
dsa0.6,0.2,1.0,2,1.0,10,156,7121
dsa0.6,0.2,1.0,2,1.0,10,157,7121
dsa0.6,0.2,1.0,2,1.0,10,158,7121
dsa0.6,0.2,1.0,2,1.0,10,159,7121
dsa0.6,0.2,1.0,2,1.0,10,160,7121
dsa0.6,0.2,1.0,2,1.0,10,161,7121
dsa0.6,0.2,1.0,2,1.0,10,162,7121
dsa0.6,0.2,1.0,2,1.0,10,163,7121
dsa0.6,0.2,1.0,2,1.0,10,164,7121
dsa0.6,0.2,1.0,2,1.0,10,165,7121
dsa0.6,0.2,1.0,2,1.0,10,166,7121
dsa0.6,0.2,1.0,2,1.0,10,167,7121
dsa0.6,0.2,1.0,2,1.0,10,168,7121
dsa0.6,0.2,1.0,2,1.0,10,169,7121
dsa0.6,0.2,1.0,2,1.0,10,170,7121
dsa0.6,0.2,1.0,2,1.0,10,171,7121
dsa0.6,0.2,1.0,2,1.0,10,172,7121
dsa0.6,0.2,1.0,2,1.0,10,173,7121
dsa0.6,0.2,1.0,2,1.0,10,174,7121
dsa0.6,0.2,1.0,2,1.0,10,175,7121
dsa0.6,0.2,1.0,2,1.0,10,176,7121
dsa0.6,0.2,1.0,2,1.0,10,177,7121
dsa0.6,0.2,1.0,2,1.0,10,178,7121
dsa0.6,0.2,1.0,2,1.0,10,179,7121
dsa0.6,0.2,1.0,2,1.0,10,180,7121
dsa0.6,0.2,1.0,2,1.0,10,181,7121
dsa0.6,0.2,1.0,2,1.0,10,182,7121
dsa0.6,0.2,1.0,2,1.0,10,183,7121
dsa0.6,0.2,1.0,2,1.0,10,184,7121
dsa0.6,0.2,1.0,2,1.0,10,185,7121
dsa0.6,0.2,1.0,2,1.0,10,186,7121
dsa0.6,0.2,1.0,2,1.0,10,187,7121
dsa0.6,0.2,1.0,2,1.0,10,188,7121
dsa0.6,0.2,1.0,2,1.0,10,189,7121
dsa0.6,0.2,1.0,2,1.0,10,190,7121
dsa0.6,0.2,1.0,2,1.0,10,191,7121
dsa0.6,0.2,1.0,2,1.0,10,192,7121
dsa0.6,0.2,1.0,2,1.0,10,193,7121
dsa0.6,0.2,1.0,2,1.0,10,194,7121
dsa0.6,0.2,1.0,2,1.0,10,195,7121
dsa0.6,0.2,1.0,2,1.0,10,196,7121
dsa0.6,0.2,1.0,2,1.0,10,197,7121
dsa0.6,0.2,1.0,2,1.0,10,198,7121
dsa0.6,0.2,1.0,2,1.0,10,199,7121
